row_id,id,event_date,firearm_name,range_name,rounds_fired,ammo_description,notes,created,modified
1,01KWG95NHZH9EP81DG1XNFWT1V,2014-09-11 20:05:21.7747766,Springfield XD-9,Phoenix,80,N/A,Handloads. Lots of stovepipes,2026-07-02 02:05:21.8570958+00:00,2026-07-02 02:05:21.8579219+00:00
2,01KWG95NKEVH4NA5YCTS1MW660,2014-11-20 20:05:21.8687903,Springfield XD-9,Phoenix,80,N/A,Remington UMC,2026-07-02 02:05:21.9022315+00:00,2026-07-02 02:05:21.9022476+00:00
3,01KWG95NKF67H4H6RD9MZFG0KW,2014-11-22 20:05:21.9025022,Mauser 98k,Sean's place,5,N/A,"S&B, shooting at Tannerite.",2026-07-02 02:05:21.903101+00:00,2026-07-02 02:05:21.9031034+00:00
4,01KWG95NKGN1PHJ2GC7E2MWCFC,2014-11-25 20:05:21.903361,Springfield XD-9,Phoenix,75,N/A,Mix of Remington​ and handloads. Squib on the 76th round.,2026-07-02 02:05:21.9040536+00:00,2026-07-02 02:05:21.9040559+00:00
5,01KWG95NKGN1PHJ2GC7E2MWCFM,2014-12-02 20:05:21.9044375,Springfield XD-9,Phoenix,80,N/A,Worked on flinch elemination. One stoppage.,2026-07-02 02:05:21.9048746+00:00,2026-07-02 02:05:21.9048763+00:00
6,01KWG95NKH7PQ13ZJ02RDFMBN5,2014-12-02 20:05:21.9050427,CZ-85,Phoenix,50,N/A,Better groups & less flinch.,2026-07-02 02:05:21.9054081+00:00,2026-07-02 02:05:21.9054099+00:00
7,01KWG95NKH7PQ13ZJ02RDFMBNE,2014-12-16 20:05:21.9055678,PT-101,Phoenix,100,N/A,"No flinch, breaking a bit to the left.",2026-07-02 02:05:21.9058893+00:00,2026-07-02 02:05:21.905891+00:00
8,01KWG95NKJBH6VV9K44EHPHPKC,2014-12-16 20:05:21.9060404,Springfield XD-9,Phoenix,15,N/A,Hand a ripped rim.,2026-07-02 02:05:21.9067522+00:00,2026-07-02 02:05:21.9067547+00:00
9,01KWG95NKKHEKR640MGQNK9076,2015-02-10 20:05:21.9069939,PT-101,Phoenix,70,N/A,Practicing double taps.,2026-07-02 02:05:21.9077671+00:00,2026-07-02 02:05:21.9077704+00:00
10,01KWG95NKMASTB70X6SGFSS48H,2015-02-15 20:05:21.908052,Gevarm,SPFGA,200,N/A,With Ethan.,2026-07-02 02:05:21.9086152+00:00,2026-07-02 02:05:21.9086181+00:00
11,01KWG95NKNDBGE47CRZH914JBN,2015-03-15 20:05:21.9088364,M305,Wildwood,110,N/A,Zeroing scope & practicing.,2026-07-02 02:05:21.9091365+00:00,2026-07-02 02:05:21.9091457+00:00
12,01KWG95NKNDBGE47CRZH914JBX,2015-03-15 20:05:21.9092961,Springfield XD-9,Wildwood,80,N/A,Draw & fire. Flinching.,2026-07-02 02:05:21.9098391+00:00,2026-07-02 02:05:21.9098407+00:00
13,01KWG95NKP3QBNMYD9X7ATBGCV,2015-05-05 20:05:21.9099844,Springfield XD-9,Phoenix,80,N/A,"One handed, both strong and weak hand.",2026-07-02 02:05:21.9104737+00:00,2026-07-02 02:05:21.9104753+00:00
14,01KWG95NKQRNG11QWR6SWRNRNB,2015-05-21 20:05:21.9106342,Springfield XD-9,Phoenix,76,N/A,One handed drills.,2026-07-02 02:05:21.9111877+00:00,2026-07-02 02:05:21.9111893+00:00
15,01KWG95NKQRNG11QWR6SWRNRNK,2015-06-19 20:05:21.9113355,Mauser 98k,SPFGA,40,N/A,Handloads.,2026-07-02 02:05:21.911662+00:00,2026-07-02 02:05:21.9116635+00:00
16,01KWG95NKRNAEHA0VGPPZ8BN5P,2015-06-19 20:05:21.9118014,M305,SPFGA,40,N/A,Problems with zero - seems to be wandering?,2026-07-02 02:05:21.912125+00:00,2026-07-02 02:05:21.9121332+00:00
17,01KWG95NKRNAEHA0VGPPZ8BN5Y,2015-07-09 20:05:21.9122696,M305,SPFGA,60,N/A,Shooting high and right.,2026-07-02 02:05:21.9126145+00:00,2026-07-02 02:05:21.9126183+00:00
18,01KWG95NKS3PAZX30E82A2A44J,2015-09-17 20:05:21.9127575,M305,SPFGA,120,N/A,Changing the scope. Zero & practicing.,2026-07-02 02:05:21.9131356+00:00,2026-07-02 02:05:21.9131372+00:00
19,01KWG95NKS3PAZX30E82A2A44T,2015-09-26 20:05:21.9132775,M305,SPFGA,108,N/A,200m practicing.,2026-07-02 02:05:21.9136769+00:00,2026-07-02 02:05:21.9136784+00:00
20,01KWG95NKTMFEQESG8XSEJ5RHE,2015-10-18 20:05:21.9138133,Armalite M15A4,SPFGA,225,N/A,Zeroing the EoTech at 50m. Practicing.,2026-07-02 02:05:21.914093+00:00,2026-07-02 02:05:21.9140945+00:00
21,01KWG95NKTMFEQESG8XSEJ5RHP,2015-11-04 20:05:21.9142398,Springfield XD-9,Phoenix,120,N/A,26662 drill,2026-07-02 02:05:21.9147987+00:00,2026-07-02 02:05:21.9148002+00:00
22,01KWG95NKVJ7MCFHGQCXGPK9EB,2015-11-09 20:05:21.9149521,SKS,SPFGA,100,N/A,Sights zeroed for a 6 o'clock hold?,2026-07-02 02:05:21.9152476+00:00,2026-07-02 02:05:21.9152493+00:00
23,01KWG95NKVJ7MCFHGQCXGPK9EK,2015-11-26 20:05:21.9153885,Springfield XD-9,Phoenix,160,N/A,26662 @ 15',2026-07-02 02:05:21.9159628+00:00,2026-07-02 02:05:21.9159643+00:00
24,01KWG95NKWYMTXX5NYNG9AAPMB,2015-12-02 20:05:21.9161065,Springfield XD-9,Phoenix,136,N/A,26662@ 12',2026-07-02 02:05:21.9168265+00:00,2026-07-02 02:05:21.9168282+00:00
25,01KWG95NKXABW1KG7X4CC5RY1H,2015-12-06 20:05:21.9170228,SKS,SPFGA,80,N/A,"100m, 8"""" high.",2026-07-02 02:05:21.9174303+00:00,2026-07-02 02:05:21.917432+00:00
26,01KWG95NKXABW1KG7X4CC5RY1S,2015-12-06 20:05:21.9175734,Gevarm,SPFGA,160,N/A,Zeroing the Bushnell scope.,2026-07-02 02:05:21.9178876+00:00,2026-07-02 02:05:21.9178891+00:00
27,01KWG95NKY2CR4PM8MS35B2JWA,2015-12-29 20:05:21.9180265,SKS,SPFGA,100,N/A,"Shooting @ 50m. POI is 2"""" left. Temp -12C.",2026-07-02 02:05:21.9187514+00:00,2026-07-02 02:05:21.9187537+00:00
28,01KWG95NKZP8ME2RS2TMY9B5K5,2015-12-29 20:05:21.9190062,Armalite M15A4,SPFGA,70,N/A,Zeroing the Vortex Strike Eagle. -12C,2026-07-02 02:05:21.9194405+00:00,2026-07-02 02:05:21.9194422+00:00
29,01KWG95NM08FZ6MXS1C9BGGWK5,2016-01-03 20:05:21.9196018,SKS,SPFGA,80,N/A,Practicing. Roland fired 30.,2026-07-02 02:05:21.9201148+00:00,2026-07-02 02:05:21.9201166+00:00
30,01KWG95NM08FZ6MXS1C9BGGWKD,2016-01-03 20:05:21.9202641,Armalite M15A4,SPFGA,60,N/A,Practicing at 50m.,2026-07-02 02:05:21.9206187+00:00,2026-07-02 02:05:21.9206203+00:00
31,01KWG95NM4RD7MTPGA0FWNY6YW,2016-01-07 20:05:21.9207764,Springfield XD-9,Phoenix,98,N/A,"1-2-R-3 drill @ 12'. Always missed the 1"""" target.",2026-07-02 02:05:21.9240373+00:00,2026-07-02 02:05:21.9240392+00:00
32,01KWG95NM4RD7MTPGA0FWNY6Z4,2016-01-14 20:05:21.9242012,PT-101,Phoenix,63,N/A,1-2-R-3 drill at 9'. 6.0gr 800X and 179gr bullet,2026-07-02 02:05:21.9245474+00:00,2026-07-02 02:05:21.924549+00:00
33,01KWG95NM5Z20TT5E63TNBABZQ,2016-01-14 20:05:21.9246898,Springfield XD-9,Phoenix,60,N/A,"1-2-R-3 drill @ 9'. Got some hits on the 1"""".",2026-07-02 02:05:21.9252951+00:00,2026-07-02 02:05:21.9252967+00:00
34,01KWG95NM5Z20TT5E63TNBAC00,2016-01-19 20:05:21.9254379,Remington 700 SPS,Phoenix,20,N/A,"Breaking in the barrels. 0.5"""" high @ 40 yards.",2026-07-02 02:05:21.9257417+00:00,2026-07-02 02:05:21.9257433+00:00
35,01KWG95NM6116Z5TZXJ778G7JM,2016-01-27 20:05:21.9258917,Remington 700 SPS,SPFGA,54,N/A,Shooting @ 100 & 200m.,2026-07-02 02:05:21.9261992+00:00,2026-07-02 02:05:21.9262007+00:00
36,01KWG95NM6116Z5TZXJ778G7JW,2016-02-11 20:05:21.9263384,PT-101,Phoenix,100,N/A,Crimp issues?,2026-07-02 02:05:21.9266878+00:00,2026-07-02 02:05:21.9266893+00:00
37,01KWG95NM70DJ2NKHH4GADRYMH,2016-03-03 20:05:21.9268398,Remington 700 SPS,SPFGA,35,N/A,"",2026-07-02 02:05:21.927136+00:00,2026-07-02 02:05:21.9271376+00:00
38,01KWG95NM70DJ2NKHH4GADRYMS,2016-03-03 20:05:21.9272718,Armalite M15A4,SPFGA,65,N/A,100m practicing,2026-07-02 02:05:21.9276164+00:00,2026-07-02 02:05:21.927618+00:00
39,01KWG95NM8GSX3VDS41AHX4D1C,2016-03-10 20:05:21.9277654,PT-101,Phoenix,50,N/A,15' low ready. Pin on rear sight needs securing.,2026-07-02 02:05:21.9281738+00:00,2026-07-02 02:05:21.9281753+00:00
40,01KWG95NM8GSX3VDS41AHX4D1K,2016-03-16 20:05:21.9283127,Remington 700 SPS,SPFGA,36,N/A,"",2026-07-02 02:05:21.9286167+00:00,2026-07-02 02:05:21.9286182+00:00
41,01KWG95NM90Q2MSS9PEQ1XQRT4,2016-03-30 20:05:21.9287533,PT-101,Phoenix,110,N/A,"1-R-2 at 3, 4, and 5 yards.",2026-07-02 02:05:21.9291529+00:00,2026-07-02 02:05:21.9291544+00:00
42,01KWG95NM90Q2MSS9PEQ1XQRTD,2016-06-04 20:05:21.9292896,Husqvarna,SPFGA,45,N/A,Zeroing Bushnell 3200 w/150gr Sierra Pro Hunter,2026-07-02 02:05:21.9295767+00:00,2026-07-02 02:05:21.9295784+00:00
43,01KWG95NMARXH0K4VJGRS9VVGE,2016-06-12 20:05:21.9297175,Husqvarna,Edson,15,N/A,Zeroing the 3200 at 300m.,2026-07-02 02:05:21.9300322+00:00,2026-07-02 02:05:21.9300339+00:00
44,01KWG95NMARXH0K4VJGRS9VVGP,2016-06-24 20:05:21.9301652,Remington 700 SPS,SPFGA,41,N/A,Zeroing Vortex Strike Eagle @ 200m,2026-07-02 02:05:21.930511+00:00,2026-07-02 02:05:21.9305126+00:00
45,01KWG95NMBKXEZ2F87JGJ91Q5R,2016-08-01 20:05:21.9306427,SKS,SPFGA,60,N/A,50m & 100m zeroing.,2026-07-02 02:05:21.9310174+00:00,2026-07-02 02:05:21.9310191+00:00
46,01KWG95NMBKXEZ2F87JGJ91Q5Z,2016-08-01 20:05:21.9311579,Remington 700 SPS,SPFGA,40,N/A,"",2026-07-02 02:05:21.9315094+00:00,2026-07-02 02:05:21.931511+00:00
47,01KWG95NMCXCBEJYEJDW0CAVHP,2016-08-10 20:05:21.9316515,Remington 700 SPS,SPFGA,40,N/A,200m practicing.,2026-07-02 02:05:21.932083+00:00,2026-07-02 02:05:21.9320846+00:00
48,01KWG95NMCXCBEJYEJDW0CAVHY,2016-08-27 20:05:21.9322237,Husqvarna,Edson,20,N/A,Won't hold zero with 6x Bushnell.,2026-07-02 02:05:21.9325602+00:00,2026-07-02 02:05:21.9325618+00:00
49,01KWG95NMD3J0G7TJPS3N9YXTV,2016-08-27 20:05:21.9331629,M305,Edson,95,N/A,Zeroed the Elite 3200. Shooting out to 300m.,2026-07-02 02:05:21.9337275+00:00,2026-07-02 02:05:21.9337299+00:00
50,01KWG95NMEAP0QGQ2DARQKVFS7,2016-09-10 20:05:21.933899,M96,Edson,40,N/A,Zeroing @ 200m w/ Vortex DiamondBack.,2026-07-02 02:05:21.9343991+00:00,2026-07-02 02:05:21.9344018+00:00
51,01KWG95NMF49CJVEJ66N8TZ031,2016-09-10 20:05:21.9347845,M305,Edson,35,N/A,Confirming DOPE  at 100m/200m/300m.,2026-07-02 02:05:21.9354669+00:00,2026-07-02 02:05:21.9354691+00:00
52,01KWG95NMGTGBDAK5N9N2YPSA9,2016-10-13 20:05:21.9356667,Remington 700 SPS,SPFGA,29,N/A,"",2026-07-02 02:05:21.9362604+00:00,2026-07-02 02:05:21.9362623+00:00
53,01KWG95NMGTGBDAK5N9N2YPSAH,2016-10-24 20:05:21.9364468,Remington 700 SPS,SPFGA,25,N/A,Zeroing SWFA 6X Super Sniper @ 100m.,2026-07-02 02:05:21.9368991+00:00,2026-07-02 02:05:21.9369007+00:00
54,01KWG95NMHX6VQDA8QY82DMNCM,2016-10-27 20:05:21.9370491,Remington 700 SPS,SPFGA,35,N/A,"",2026-07-02 02:05:21.9375006+00:00,2026-07-02 02:05:21.9375022+00:00
55,01KWG95NMHX6VQDA8QY82DMNCV,2016-10-30 20:05:21.9376435,M96,SPFGA,31,N/A,"",2026-07-02 02:05:21.9379122+00:00,2026-07-02 02:05:21.9379137+00:00
56,01KWG95NMJWJV2500TBGJMXGH5,2016-11-07 20:05:21.9380489,Remington 700 SPS,Edson,22,N/A,Training day w/Ben. Was getting hits out to 400m.,2026-07-02 02:05:21.9385768+00:00,2026-07-02 02:05:21.9385783+00:00
57,01KWG95NMJWJV2500TBGJMXGHC,2016-11-23 20:05:21.9387136,M96,SPFGA,33,N/A,"",2026-07-02 02:05:21.9390023+00:00,2026-07-02 02:05:21.9390038+00:00
58,01KWG95NMKD0G08T1TER587FPR,2016-12-04 20:05:21.9391505,Armalite M15A4,SPFGA,35,N/A,Zeroing the Strike Eagle. Very windy. SR0009.,2026-07-02 02:05:21.9395359+00:00,2026-07-02 02:05:21.9395375+00:00
59,01KWG95NMM2FFT3J8PSH102A17,2016-12-27 20:05:21.9396765,Armalite M15A4,SPFGA,10,N/A,50m zero of Strike Eagle.,2026-07-02 02:05:21.9400645+00:00,2026-07-02 02:05:21.940066+00:00
60,01KWG95NMM2FFT3J8PSH102A1F,2016-12-27 20:05:21.9402136,SKS,Edson,10,N/A,25m zeroing of the Raven Eye rear peep sight.,2026-07-02 02:05:21.9406063+00:00,2026-07-02 02:05:21.9406078+00:00
61,01KWG95NMN089D4S2KZNHA07FX,2016-12-27 20:05:21.9407461,M305,Edson,140,N/A,Shooting at 300m & 400m.,2026-07-02 02:05:21.9411923+00:00,2026-07-02 02:05:21.9411939+00:00
62,01KWG95NMN089D4S2KZNHA07G5,2016-12-27 20:05:21.9413395,Gevarm,Edson,30,N/A,Zeroing @ 25m,2026-07-02 02:05:21.9416542+00:00,2026-07-02 02:05:21.9416557+00:00
63,01KWG95NMP0G8QP0RBE2VBK0G0,2017-01-17 20:05:21.9417897,PT-101,Phoenix,141,N/A,Ran into Jim Duke. Downward flinch.,2026-07-02 02:05:21.9422187+00:00,2026-07-02 02:05:21.9422203+00:00
64,01KWG95NMP0G8QP0RBE2VBK0G8,2017-01-24 20:05:21.9423647,PT-101,Phoenix,95,N/A,Working  on flinch.,2026-07-02 02:05:21.9428093+00:00,2026-07-02 02:05:21.9428108+00:00
65,01KWG95NMQ40HYFEMPWQ10QP02,2017-01-31 20:05:21.9429452,PT-101,Phoenix,50,N/A,165gr/7.2gr 800X. harsh impluse,2026-07-02 02:05:21.9434133+00:00,2026-07-02 02:05:21.9434149+00:00
66,01KWG95NMRN6HKB8RNREFPV9FN,2017-01-31 20:05:21.943553,PT-101,Phoenix,100,N/A,165gr / 5.4gr WSF. soft impluse.,2026-07-02 02:05:21.9440302+00:00,2026-07-02 02:05:21.9440317+00:00
67,01KWG95NMRN6HKB8RNREFPV9FX,2017-01-31 20:05:21.94418,PT-101,Phoenix,50,N/A,Working on flinch. Kept most rounds inside 4” @ 30',2026-07-02 02:05:21.9446952+00:00,2026-07-02 02:05:21.9446967+00:00
68,01KWG95NMSA8MBAW2FVN3AXC9Q,2017-01-31 20:05:21.9448346,PT-101,Phoenix,100,N/A,"Kept most rounds inside 4"""" at 30'.",2026-07-02 02:05:21.9453937+00:00,2026-07-02 02:05:21.9453952+00:00
69,01KWG95NMWG72QVRF58ZZSEH3D,2017-02-08 20:05:21.9455405,PT-101,Phoenix,155,N/A,"Working on flinch control. 4"""" target @21 feet. off to the left a bit, 2” vertical spread (up and down).",2026-07-02 02:05:21.9481361+00:00,2026-07-02 02:05:21.9481379+00:00
70,01KWG95NMX68EV9Y3ETS4F9P28,2017-02-08 20:05:21.9483714,PT-101,Phoenix,155,N/A,Working on flinch.,2026-07-02 02:05:21.9490122+00:00,2026-07-02 02:05:21.9490139+00:00
71,01KWG95NMX68EV9Y3ETS4F9P2G,2017-02-11 20:05:21.9491775,PT-101,Phoenix,45,N/A,Working on flinch. Locking block broke.,2026-07-02 02:05:21.9499162+00:00,2026-07-02 02:05:21.9499181+00:00
72,01KWG95NMZ1ZQ19VARYQSD789Z,2017-02-12 20:05:21.9504308,PT-101,Phoenix,45,N/A,Flinch control. Good group but off to the left a bit or off vertically. Locking block broke on PT-101.,2026-07-02 02:05:21.9512303+00:00,2026-07-02 02:05:21.951232+00:00
73,01KWG95NN0APRQ879JGXS80TF6,2017-02-27 20:05:21.9514114,PT-101,Phoenix,191,N/A,flinch control @ 7 yards. getting better,2026-07-02 02:05:21.9521205+00:00,2026-07-02 02:05:21.9521222+00:00
74,01KWG95NN0APRQ879JGXS80TFE,2017-03-05 20:05:21.9522808,Gevarm,Phoenix,52,N/A,"Zeroing at 40yards. Had mechanical problems, need new roll pons",2026-07-02 02:05:21.952645+00:00,2026-07-02 02:05:21.9526466+00:00
75,01KWG95NN1TJSCPRYV4H8H3BKT,2017-03-12 20:05:21.9527967,Gevarm,Phoenix,100,N/A,Zeroed the scope for 40yards,2026-07-02 02:05:21.9531823+00:00,2026-07-02 02:05:21.953184+00:00
76,01KWG95NN1TJSCPRYV4H8H3BM2,2017-03-19 20:05:21.9533368,M96,Phoenix,15,N/A,"Doing a rough zero of the scope. The """"orange"""" bullets seemed to shoot better.",2026-07-02 02:05:21.9536766+00:00,2026-07-02 02:05:21.9536782+00:00
77,01KWG95NN25J4AK6DX3HGKHQSV,2017-03-19 20:05:21.9538162,Gevarm,Phoenix,50,N/A,"Zero changed at 3x. +7 ticks up, +7 ticks right",2026-07-02 02:05:21.9542301+00:00,2026-07-02 02:05:21.9542317+00:00
78,01KWG95NN25J4AK6DX3HGKHQT3,2017-04-02 20:05:21.9543795,M96,SPFGA,51,N/A,"Zeroing at 100m. Got my best group ever. Three rounds at 100m, all touching.",2026-07-02 02:05:21.9547329+00:00,2026-07-02 02:05:21.9547345+00:00
79,01KWG95NN343EHSY42ZP0ATXX0,2017-04-14 20:05:21.9548713,Remington 597,SPFGA,230,N/A,zeroing the scope. practiced with the Mapleseed targets.,2026-07-02 02:05:21.9551984+00:00,2026-07-02 02:05:21.9551999+00:00
80,01KWG95NN343EHSY42ZP0ATXX8,2017-04-17 20:05:21.9553552,Remington 597,Phoenix,91,N/A,"40 yards, Winchester. down 4 clicks. left 6 clicks from the zeroing done Thursday night.",2026-07-02 02:05:21.9556596+00:00,2026-07-02 02:05:21.9556611+00:00
81,01KWG95NN435XPEMYRES78320Y,2017-04-22 20:05:21.9558146,Remington 597,SPFGA,90,N/A,lots of fail to fire with Winchester. had to re-zero after dropping the rifle.,2026-07-02 02:05:21.9561562+00:00,2026-07-02 02:05:21.956158+00:00
82,01KWG95NN435XPEMYRES783216,2017-04-22 20:05:21.9563163,SKS,SPFGA,65,N/A,Adjusting sights. did some rapid fire from the standing at 25m,2026-07-02 02:05:21.9567335+00:00,2026-07-02 02:05:21.9567357+00:00
83,01KWG95NN5722NT10WSTB7GA54,2017-04-28 20:05:21.9568745,SKS,SPFGA,120,N/A,"Seems that a heavy, quick pull of trigger works best.",2026-07-02 02:05:21.9573462+00:00,2026-07-02 02:05:21.9573478+00:00
84,01KWG95NN5722NT10WSTB7GA5C,2017-04-30 20:05:21.9574887,SKS,SPFGA,100,N/A,"Trying to adjust sights (horizontally) at 100m. Originally had to adjust sights left, then right, then left. Stopped with the rifle shooting way to the right (approx 8inches at 100m).",2026-07-02 02:05:21.9579688+00:00,2026-07-02 02:05:21.9579704+00:00
85,01KWG95NN6F8W963B63T5NMK95,2017-05-04 20:05:21.9581229,SKS,SPFGA,95,N/A,"Zeroing again. shooting about 2"""" high? Could drop POI a bit next time. ",2026-07-02 02:05:21.9586561+00:00,2026-07-02 02:05:21.9586577+00:00
86,01KWG95NN7GXHTWHW4YWBYW7AX,2017-05-09 20:05:21.958801,Remington 597,SPFGA,120,N/A,Sitting and standing. Adjusted zero a bit down and left.,2026-07-02 02:05:21.9591613+00:00,2026-07-02 02:05:21.9591629+00:00
87,01KWG95NN7GXHTWHW4YWBYW7B5,2017-05-09 20:05:21.9593122,Armalite M15A4,SPFGA,42,N/A,Adjusted the zero on the Vortex Strike Eagle. Had a squib.,2026-07-02 02:05:21.9597403+00:00,2026-07-02 02:05:21.9597419+00:00
88,01KWG95NN867ESBBCBSM5MJ4J3,2017-05-15 20:05:21.9598874,M305,SPFGA,80,N/A,200m zero. 917kPa.,2026-07-02 02:05:21.9603844+00:00,2026-07-02 02:05:21.9603861+00:00
89,01KWG95NN867ESBBCBSM5MJ4JB,2017-05-22 20:05:21.9605312,Armalite M15A4,SPFGA,89,N/A,"200m practice.
55gr +3.5MOA elevation, +1MOA wind",2026-07-02 02:05:21.9609766+00:00,2026-07-02 02:05:21.9609782+00:00
90,01KWG95NN9YQV1YXKXHMSCVA81,2017-05-23 20:05:21.9611254,Armalite M15A4,SPFGA,35,N/A,Confirming elevation & windage,2026-07-02 02:05:21.9616065+00:00,2026-07-02 02:05:21.9616082+00:00
91,01KWG95NNAVVS3NECEQGPR1VNW,2017-05-23 20:05:21.9617479,Remington 700 SPS,SPFGA,25,N/A,Elevation w/68gr Hornaday,2026-07-02 02:05:21.9622671+00:00,2026-07-02 02:05:21.9622687+00:00
92,01KWG95NNAVVS3NECEQGPR1VP4,2017-05-29 20:05:21.9625013,M96,SPFGA,27,N/A,"Zeroing and chronying load - 33gr H4895 & 140gr Barnes. 2.999"""" length. excellent results",2026-07-02 02:05:21.9629075+00:00,2026-07-02 02:05:21.9629091+00:00
93,01KWG95NNBFJ5Q44T6H66C7SY8,2017-05-29 20:05:21.9630525,SKS,SPFGA,50,N/A,Trying to zero TRS-25 @ 100M. The mount is incorrectly attached to the rifle.,2026-07-02 02:05:21.9635978+00:00,2026-07-02 02:05:21.9635994+00:00
94,01KWG95NNDAY8AD7C3B3GB6WHR,2017-06-02 20:05:21.9637538,SKS,SPFGA,50,N/A,Zeroing the TRS-25 @ 25m. Hitting about 1” or so high. Practiced double taps from the low ready.,2026-07-02 02:05:21.9651736+00:00,2026-07-02 02:05:21.9651754+00:00
95,01KWG95NNDAY8AD7C3B3GB6WJ0,2017-06-02 20:05:21.9653601,M96,SPFGA,34,N/A,"Gathering DOPE for 300m.
From a 100m zero.
+7MOA for 140gr Barnes Match Burner/33gr H4895
+6MOA for 140gr SMK/ 33gr H4895",2026-07-02 02:05:21.9657988+00:00,2026-07-02 02:05:21.9658005+00:00
96,01KWG95NNFGDSRG231MT1MJXNK,2017-06-04 20:05:21.9659508,PT-101,SPFGA,130,N/A,Handgun fun shoot.,2026-07-02 02:05:21.9672961+00:00,2026-07-02 02:05:21.9672993+00:00
97,01KWG95NNG3R5PCXWABYMZX3SS,2017-06-08 20:05:21.9674977,M305,SPFGA,40,N/A,"Very poor groups with the Norinco ammo and the Matador Arms muzzle brake. 200m zero.

10 rounds fired, 6 hit the paper:
* 3.6MOA wide, 2.5MOA high. 
* Need +2.75 MOA elevation, -0.75 wind.",2026-07-02 02:05:21.9680683+00:00,2026-07-02 02:05:21.9680709+00:00
98,01KWG95NNG3R5PCXWABYMZX3T1,2017-06-08 20:05:21.9682683,Remington 700 SPS,SPFGA,24,N/A,"200M, good results. All sub-MOA
+0MOA elevation, +0MOA windage.",2026-07-02 02:05:21.9688162+00:00,2026-07-02 02:05:21.9688179+00:00
99,01KWG95NNH6M3XKZRP2JGS7TRF,2017-06-10 20:05:21.9689706,Remington 597,SPFGA,17,N/A,"Shooting at 100m
+2.1 MOA Elevation / -1.75MOA Wind",2026-07-02 02:05:21.9693515+00:00,2026-07-02 02:05:21.9693533+00:00
100,01KWG95NNJBETEPF0GKE0V62XP,2017-06-10 20:05:21.9695274,Remington 700 SPS,SPFGA,35,N/A,"Checking velocity & groups. Signs of cratering, this load is too hot.",2026-07-02 02:05:21.9701234+00:00,2026-07-02 02:05:21.9701251+00:00
101,01KWG95NNJBETEPF0GKE0V62XY,2017-06-10 20:05:21.9702729,Remington 700 SPS,SPFGA,12,N/A,Some cratering. Probably too hot.,2026-07-02 02:05:21.9708513+00:00,2026-07-02 02:05:21.9708529+00:00
102,01KWG95NNKNZHVA08KW9NQFZ8G,2017-06-13 20:05:21.9710599,Remington 597,SPFGA,175,N/A,Practicing Mapleseed Challenge #5. Got 116/140. Lots of fail-to-fire at the end. Cleaned the rifle after this trip,2026-07-02 02:05:21.971445+00:00,2026-07-02 02:05:21.9714472+00:00
103,01KWG95NNM8X7E61DRNG0N1VQ7,2017-06-20 20:05:21.9715919,Gevarm,SPFGA,39,N/A,Confirming zero for 25m.,2026-07-02 02:05:21.9721149+00:00,2026-07-02 02:05:21.9721185+00:00
104,01KWG95NNNHMCAPN5MGRD0VTVB,2017-06-20 20:05:21.9724175,Remington 597,SPFGA,225,N/A,Had to re-zero the scope at 25m as I moved it for better eye relief.,2026-07-02 02:05:21.9730632+00:00,2026-07-02 02:05:21.9730648+00:00
105,01KWG95NNNHMCAPN5MGRD0VTVK,2017-06-22 20:05:21.9732106,M96,SPFGA,44,N/A,"+5.25 elevation, +0 MOA wind @ 300m",2026-07-02 02:05:21.9736483+00:00,2026-07-02 02:05:21.9736499+00:00
106,01KWG95NNPE7CDZ8TFNTTX0NPD,2017-06-25 20:05:21.9737967,M96,SPFGA,77,N/A,"Was comparing 140gr and 130gr loads with 35gr H4895.
130 is +2MOA @ 200M. 2533 fps
140 is +3MOA @ 200. Moved to +2.25MOA when the barrel got hot. Around 2400fps

107gr SMK/37.5gr H4895 is 0MOA Elev / -1MOA @200. About 2800FPS",2026-07-02 02:05:21.974267+00:00,2026-07-02 02:05:21.9742686+00:00
107,01KWG95NNPE7CDZ8TFNTTX0NPN,2017-06-25 20:05:21.9744141,Remington 597,SPFGA,55,N/A,Practicing the standing and mag changes.,2026-07-02 02:05:21.9748582+00:00,2026-07-02 02:05:21.9748597+00:00
108,01KWG95NNQ7MWBFQN5SKQGYPMA,2017-06-28 20:05:21.9750002,Israeli 98k,SPFGA,36,N/A,"Was zeroing and trying it out. Bad groups with the 150gr. 200gr projectiles seemed to group okay, around 2MOA or a bit under.",2026-07-02 02:05:21.9753038+00:00,2026-07-02 02:05:21.9753053+00:00
109,01KWG95NNQ7MWBFQN5SKQGYPMJ,2017-06-28 20:05:21.9754427,Remington 597,SPFGA,50,N/A,Benchshooting at 100m. 2MOA groups. +5.25 MOA elev.,2026-07-02 02:05:21.9759131+00:00,2026-07-02 02:05:21.9759147+00:00
110,01KWG95NNRXSC1VHBANX9S9P7F,2017-07-03 20:05:21.9761418,M96,Edson,35,N/A,"Gathering DOPE for 500m
+15.75 MOA",2026-07-02 02:05:21.9766345+00:00,2026-07-02 02:05:21.976636+00:00
111,01KWG95NNSY1WJY77TEX092Y8C,2017-07-03 20:05:21.9767826,Remington 597,Edson,50,N/A,Zeroing AR-22,2026-07-02 02:05:21.9772726+00:00,2026-07-02 02:05:21.9772742+00:00
112,01KWG95NNSY1WJY77TEX092Y8M,2017-07-03 20:05:21.9774186,Gevarm,Edson,25,N/A,Zeroing scope.,2026-07-02 02:05:21.9778907+00:00,2026-07-02 02:05:21.9778923+00:00
113,01KWG95NNTD48REV7ZJDQ04CYR,2017-07-04 20:05:21.9780412,Remington 597,Edson,350,N/A,Project Mapleseed event.  25m zero.,2026-07-02 02:05:21.9785595+00:00,2026-07-02 02:05:21.9785611+00:00
114,01KWG95NNVT7J4RKZ6G5QG91XM,2017-07-12 20:05:21.9787128,Israeli 98k,SPFGA,24,N/A,OCW load testing with 150gr Speers and H4895.,2026-07-02 02:05:21.9790361+00:00,2026-07-02 02:05:21.9790376+00:00
115,01KWG95NNVT7J4RKZ6G5QG91XW,2017-07-12 20:05:21.9791752,SKS,SPFGA,95,N/A,Zero Bushnell on Matador chassis w/o riser.,2026-07-02 02:05:21.9797727+00:00,2026-07-02 02:05:21.9797743+00:00
116,01KWG95NNW0HX2PE6JYAVZQK7Z,2017-07-14 20:05:21.9799256,SKS,SPFGA,55,N/A,Wandering zero. Seems that the trigger group / receiver is wandering in the chassis.,2026-07-02 02:05:21.9809731+00:00,2026-07-02 02:05:21.9809748+00:00
117,01KWG95NNXQ3DNT1ZRP6CHNS10,2017-07-14 20:05:21.9811378,M305,SPFGA,40,N/A,"-1MOA elevation, shooting at 100m.",2026-07-02 02:05:21.9817077+00:00,2026-07-02 02:05:21.9817094+00:00
118,01KWG95NNYKC7QCDN1K2JE7D3S,2017-07-17 20:05:21.9818597,SKS,SPFGA,130,N/A,Re-seated the reciever in the chassis. Trying to fix wandering zero. The mag cover is very sticky.,2026-07-02 02:05:21.9828252+00:00,2026-07-02 02:05:21.9828273+00:00
119,01KWG95NNZPYPTXQ45W18QAWYK,2017-07-23 20:05:21.9831159,SKS,SPFGA,60,N/A,"100m. Around 3MOA.
Practicing. Minor Scope adjustments
No wind. 
The pin holding in the Razor mount is coming loose (vibration)?",2026-07-02 02:05:21.9839785+00:00,2026-07-02 02:05:21.9839803+00:00
120,01KWG95NP0HYZ6PVF04DHZ9E3Z,2017-07-23 20:05:21.9841358,Armalite M15A4,SPFGA,20,N/A,"Confirming zero @ 100m. Was getting about 2MOA.
Stuck round after 20 shots.",2026-07-02 02:05:21.9846551+00:00,2026-07-02 02:05:21.9846569+00:00
121,01KWG95NP1JQCBX92TPA76QZT4,2017-07-26 20:05:21.9848222,Armalite M15A4,SPFGA,120,N/A,"Practicing at 200m.
+2MOA/+0MOA

25C, almost no wind. Group really opened up when the barrel got hot.",2026-07-02 02:05:21.9853664+00:00,2026-07-02 02:05:21.985368+00:00
122,01KWG95NP2YDYYEEPDGEP85WN9,2017-08-14 20:05:21.9855321,Remington 597,SPFGA,160,N/A,"Shoot at 25m, mostly from the kneeling. 
+5.5/+1.5 on the dials to zero (compared to the Federal Blue Box).

 Could keep the groups inside of 2"""" for the most part.",2026-07-02 02:05:21.9860838+00:00,2026-07-02 02:05:21.9860854+00:00
123,01KWG95NP2YDYYEEPDGEP85WNH,2017-08-24 20:05:21.9862299,SKS,SPFGA,90,N/A,"New trigger. About 5 rounds didn't fire because the not struck hard enough. Receiver still shifting in chassis, seems the moved 2MOA down and 2MOA left.",2026-07-02 02:05:21.9869151+00:00,2026-07-02 02:05:21.9869167+00:00
124,01KWG95NP3GWRQ41P3RMHCH3KE,2017-08-29 20:05:21.9870672,SKS,SPFGA,105,N/A,About 5 FTF (weak primer strikes). Should be zeroed for 50m. Fired approximately 40 rounds from the stand low ready. 20 single and 20 controlled pairs.,2026-07-02 02:05:21.9877823+00:00,2026-07-02 02:05:21.9877841+00:00
125,01KWG95NP4JPET0X0BHH0A3APX,2017-09-17 20:05:21.987958,Israeli 98k,SPFGA,45,N/A,Zeroed for the 150gr. Need +4.5MOA for the S&B,2026-07-02 02:05:21.9883112+00:00,2026-07-02 02:05:21.9883129+00:00
126,01KWG95NP4JPET0X0BHH0A3AQ5,2017-09-23 20:05:21.988456,Israeli 98k,SPFGA,44,N/A,"+4.5MOA @ 100m
~ +5.5MOA @150m
+7.75MOA (or +6.5 MOA) @ 200m",2026-07-02 02:05:21.9888366+00:00,2026-07-02 02:05:21.9888382+00:00
127,01KWG95NP50QZA46ZHVPTY0RWF,2017-09-23 20:05:21.9889764,PT-101,SPFGA,300,N/A,Plinking with Roland at 7m.,2026-07-02 02:05:21.9897215+00:00,2026-07-02 02:05:21.9897231+00:00
128,01KWG95NP6KZC1CRN0VME37NB0,2017-09-27 20:05:21.9898649,Israeli 98k,SPFGA,20,N/A,"Confirming the drops for 100m, 150m, and 200m.
",2026-07-02 02:05:21.9902518+00:00,2026-07-02 02:05:21.9902534+00:00
129,01KWG95NP7B38DY9YNT25F83PK,2017-09-30 20:05:21.9904951,Israeli 98k,SPFGA,1,N/A,Hunting. Doe hit around 100m.,2026-07-02 02:05:21.9910912+00:00,2026-07-02 02:05:21.991093+00:00
130,01KWG95NP7B38DY9YNT25F83PV,2017-10-04 20:05:21.9912472,M305,SPFGA,50,N/A,"Gathering/confirm DOPE & velocities for a 200m zero.
+2C
Had to add +1.25MOA from the last time.",2026-07-02 02:05:21.9918405+00:00,2026-07-02 02:05:21.9918421+00:00
131,01KWG95NP808J6NBE3KAXHTHDT,2017-10-08 20:05:21.9919879,NEA 12.5,SPFGA,85,N/A,Put a 25m zero on the Bushnell RDS. Lots of stoppages. Seems that the shoulders need to be bumped back.,2026-07-02 02:05:21.9923107+00:00,2026-07-02 02:05:21.9923125+00:00
132,01KWG95NP94B0RFXC6SKC26MBV,2017-10-08 20:05:21.9924777,M305,SPFGA,20,N/A,"200m, confirming zero. +2C. Had a +1.25MOA over the summer 200m. Rest the scope zero to this.",2026-07-02 02:05:21.993096+00:00,2026-07-02 02:05:21.9930977+00:00
133,01KWG95NPA7N9EGXVYJ5ZRKTNH,2017-10-16 20:05:21.9932485,M305,SPFGA,45,N/A,"-3MOA @ 100m
-1.5MOA @ 150M",2026-07-02 02:05:21.9943101+00:00,2026-07-02 02:05:21.9943119+00:00
134,01KWG95NPBC3M5ANMJ03441M2R,2017-10-22 20:05:21.9944765,Remington 597,SPFGA,50,N/A,Just trying to chrony some of the ammo.,2026-07-02 02:05:21.9951223+00:00,2026-07-02 02:05:21.995124+00:00
135,01KWG95NPBC3M5ANMJ03441M30,2017-10-28 20:05:21.9952817,M305,SPFGA,37,N/A,"300m. +15C.
Wind 11 o'clock, 3 to 10mph
+3MOA / -1MOA.
",2026-07-02 02:05:21.9959368+00:00,2026-07-02 02:05:21.9959385+00:00
136,01KWG95NPC0ZWAMAR8CQKQAVF1,2017-11-11 20:05:21.9960952,M305,SPFGA,90,N/A,"Confirming DOPE after  a good cleaning of barrel.

100m -1.75MOA
150m -1.25MOA
200m - 0MOA",2026-07-02 02:05:21.996799+00:00,2026-07-02 02:05:21.9968007+00:00
137,01KWG95NPDDG16C6T1XRQ59PDY,2017-11-22 20:05:21.9969569,Springfield XD-9,Phoenix,160,N/A,Lots of stove pipes. Three time the practice ammo had a stuck case in the chamber.,2026-07-02 02:05:21.9976043+00:00,2026-07-02 02:05:21.9976066+00:00
138,01KWG95NPE1KA2ABENF26J6SMV,2017-11-23 20:05:21.9978424,Springfield XD-9,Phoenix,30,N/A,Ran flawlessly with factory ammo,2026-07-02 02:05:21.9985276+00:00,2026-07-02 02:05:21.9985293+00:00
139,01KWG95NPFS7XX6QZQ8SRQPR09,2017-11-23 20:05:21.9987157,Springfield XD-9,Phoenix,60,N/A,"Still getting stovepipes, even with the good  handloads. Suspect they are too long.",2026-07-02 02:05:21.9993806+00:00,2026-07-02 02:05:21.9993824+00:00
140,01KWG95NPFS7XX6QZQ8SRQPR0H,2017-11-24 20:05:21.9995545,CZ-85,Phoenix,50,N/A,The handloads had some stovepipes. Factory ammo ran fine.,2026-07-02 02:05:21.9998875+00:00,2026-07-02 02:05:21.9998892+00:00
141,01KWG95NPGR1TP6YY4HZCNVGGQ,2017-11-24 20:05:22.0000419,Springfield XD-9,Phoenix,50,N/A,Testing rounds of different length.,2026-07-02 02:05:22.0008881+00:00,2026-07-02 02:05:22.0008901+00:00
142,01KWG95NPH6SPX6G0J2730JH9Q,2017-11-24 20:05:22.0010659,CZ-85,Phoenix,90,N/A,Rapid fire at 15' and 20'. Testing some handloads for reliable.,2026-07-02 02:05:22.0014221+00:00,2026-07-02 02:05:22.0014238+00:00
143,01KWG95NPJCWDEF8PFR87JVJB8,2017-11-26 20:05:22.0015864,Springfield XD-9,Phoenix,150,N/A,Replaced recoil spring with Wolff springs. Some jams; could easily be attributed to the practice ammo.,2026-07-02 02:05:22.0022989+00:00,2026-07-02 02:05:22.0023006+00:00
144,01KWG95NPKFXSG5VHGY9V2YQZJ,2017-12-02 20:05:22.0024557,Remington 700 SPS,SPFGA,60,N/A,"Shooting assorted handloads. Zeroing the Vortex Diamondback.

-2C / 923mb / no wind
",2026-07-02 02:05:22.0031095+00:00,2026-07-02 02:05:22.0031111+00:00
145,01KWG95NPM5CSJ6BSSBM3FNPM3,2017-12-14 20:05:22.0032586,PT-101,Phoenix,285,N/A,The slide pin sheared.,2026-07-02 02:05:22.0044869+00:00,2026-07-02 02:05:22.0044887+00:00
146,01KWG95NPNWQXW9TVQXR6176B7,2017-12-28 20:05:22.0046646,CZ-85,Phoenix,100,N/A,"Shoots okay, not a lot of jams",2026-07-02 02:05:22.0050533+00:00,2026-07-02 02:05:22.0050548+00:00
147,01KWG95NPNWQXW9TVQXR6176BF,2017-12-28 20:05:22.0052094,Springfield XD-9,Phoenix,75,N/A,"Lots of jams, no good",2026-07-02 02:05:22.0059739+00:00,2026-07-02 02:05:22.0059755+00:00
148,01KWG95NPPDTSHT2SMYVSZMDNW,2017-12-28 20:05:22.006129,Springfield XD-9,Phoenix,30,N/A,"",2026-07-02 02:05:22.0068707+00:00,2026-07-02 02:05:22.0068723+00:00
149,01KWG95NPQEGN9X3P55Z912ZK1,2017-12-29 20:05:22.0071061,CZ-85,Phoenix,175,N/A,Shoots accurate out to 21'. Did 1-2-R-3 drills.,2026-07-02 02:05:22.0075197+00:00,2026-07-02 02:05:22.0075214+00:00
150,01KWG95NPR1RRXECNTCEDGWJMR,2017-12-29 20:05:22.0076685,Springfield XD-9,Phoenix,175,N/A,"The same ammo runs fine in the CZ, constantly jams in this pistol.",2026-07-02 02:05:22.0084464+00:00,2026-07-02 02:05:22.008448+00:00
151,01KWG95NPSBV29E1RAE507D124,2017-12-31 20:05:22.0086109,CZ-85,Phoenix,250,N/A,"5 yards
1-2-R-3 drills
Some shooting at 10 & 15 yards",2026-07-02 02:05:22.0090428+00:00,2026-07-02 02:05:22.0090541+00:00
152,01KWG95NPT9EV8TY56GGYGD8AT,2018-01-27 20:05:22.0092011,Springfield XD-9,Phoenix,284,N/A,"IPSC Black Badge Course, Day 1",2026-07-02 02:05:22.0100776+00:00,2026-07-02 02:05:22.0100795+00:00
153,01KWG95NPVPPYVMKJFPA3820YM,2018-01-28 20:05:22.0102814,Springfield XD-9,Phoenix,174,N/A,Black Badge day 2,2026-07-02 02:05:22.0111456+00:00,2026-07-02 02:05:22.0111473+00:00
154,01KWG95NPVPPYVMKJFPA3820YX,2018-02-02 20:05:22.0112965,G41,Phoenix,150,N/A,Sighting in the RMR,2026-07-02 02:05:22.0116723+00:00,2026-07-02 02:05:22.0116739+00:00
155,01KWG95NPXSC3R1SF6BA3AC8BS,2018-02-04 20:05:22.0118318,Springfield XD-9,Phoenix,230,N/A,"",2026-07-02 02:05:22.0130604+00:00,2026-07-02 02:05:22.0130621+00:00
156,01KWG95NPYXJAT4X48QBKYXYV7,2018-02-08 20:05:22.0132304,Springfield XD-9,Phoenix,295,N/A,5/50 of the practice rounds were junk. Had 2/250 squibs with the good ammo,2026-07-02 02:05:22.0142867+00:00,2026-07-02 02:05:22.0142886+00:00
157,01KWG95NPYXJAT4X48QBKYXYVF,2018-02-14 20:05:22.014467,G41,Phoenix,102,N/A,"The 800-X/6.6gr of 800-X is way to much. Groups far to big, too much flipperosity.",2026-07-02 02:05:22.0148135+00:00,2026-07-02 02:05:22.0148151+00:00
158,01KWG95NPZJV361B0YCV0YVV5Z,2018-02-15 20:05:22.0149784,G41,Phoenix,50,N/A,"5.1gr was not enough to cycle the action. 6.0gr seemed okay, but was hitting about 3"""" high at 21'.",2026-07-02 02:05:22.0153433+00:00,2026-07-02 02:05:22.015345+00:00
159,01KWG95NPZJV361B0YCV0YVV67,2018-02-19 20:05:22.0154925,G41,Phoenix,50,N/A,"RMR needs adjustment, but good load.",2026-07-02 02:05:22.0158554+00:00,2026-07-02 02:05:22.015857+00:00
160,01KWG95NQ124AQQ25DJN0SWSTK,2018-02-19 20:05:22.016003,Springfield XD-9,Phoenix,50,N/A,Ran fine. Hitting low left a bit - flinching.,2026-07-02 02:05:22.0170261+00:00,2026-07-02 02:05:22.0170283+00:00
161,01KWG95NQ124AQQ25DJN0SWSTV,2018-02-21 20:05:22.0172094,CZ-85,Phoenix,150,N/A,"Crummy groups. Crimp seems off, lots of feed issues.",2026-07-02 02:05:22.0176951+00:00,2026-07-02 02:05:22.0176967+00:00
162,01KWG95NQ2893GRG88X0FMKXP1,2018-02-21 20:05:22.0178566,CZ-85,Phoenix,54,N/A,Good groups.  No feed issues,2026-07-02 02:05:22.0183413+00:00,2026-07-02 02:05:22.0183429+00:00
163,01KWG95NQ2893GRG88X0FMKXP9,2018-02-25 20:05:22.0184918,CZ-85,Phoenix,300,N/A,Worked entirely on present / 2 rounds at 15'. Saw good improvement.,2026-07-02 02:05:22.0189782+00:00,2026-07-02 02:05:22.0189797+00:00
164,01KWG95NQ39P7JCSS6G7B4Q670,2018-03-02 20:05:22.0191321,G41,Phoenix,200,N/A,"Adjusted the RMR. Slow fire at 24ft, just learning the trigger. Got good groups. Had 9 squib loads.",2026-07-02 02:05:22.019535+00:00,2026-07-02 02:05:22.0195366+00:00
165,01KWG95NQ4QMV4VSBTC0NXMJTY,2018-03-04 20:05:22.019687,CZ-85,Phoenix,200,N/A,"Double action, present, 2 rounds. 30 at max range, 20 rounds at 40'.",2026-07-02 02:05:22.0202578+00:00,2026-07-02 02:05:22.0202594+00:00
166,01KWG95NQ5MCSRPJXWBWEVG3G9,2018-03-11 20:05:22.0204258,SKS,CHAS,30,N/A,Service rifle shoot. Fired 30 out of 40 (10 light primer strikes) Scored a total of 79 out of 150/200 at 200m.,2026-07-02 02:05:22.0211911+00:00,2026-07-02 02:05:22.0211928+00:00
167,01KWG95NQ5MCSRPJXWBWEVG3GH,2018-03-17 20:05:22.0213549,NEA 12.5,CHAS,8,N/A,CHAS skills & drills,2026-07-02 02:05:22.0216887+00:00,2026-07-02 02:05:22.0216907+00:00
168,01KWG95NQ6JWFDBHNZYJSMDJ6P,2018-03-17 20:05:22.0218753,G41,CHAS,80,N/A,CHAS skills&drills,2026-07-02 02:05:22.0222993+00:00,2026-07-02 02:05:22.0223009+00:00
169,01KWG95NQ6JWFDBHNZYJSMDJ6Z,2018-03-18 20:05:22.0224617,Winchester SXP,CHAS,29,N/A,CHAS 3-gun skills & drills day.,2026-07-02 02:05:22.0227835+00:00,2026-07-02 02:05:22.0227851+00:00
170,01KWG95NQ7DQW577Y24322XNG7,2018-04-08 20:05:22.0230162,GSG STG-44,SPFGA,100,N/A,"Testing out sights. Shoots way low when set at """"1"""".",2026-07-02 02:05:22.0233463+00:00,2026-07-02 02:05:22.023348+00:00
171,01KWG95NQ8B62612NN41RT94FS,2018-04-22 20:05:22.023496,SKS,SPFGA,50,N/A,Had 5 light primer strikes.,2026-07-02 02:05:22.0243454+00:00,2026-07-02 02:05:22.0243472+00:00
172,01KWG95NQ9E379BYBVBFR8JJ7X,2018-04-22 20:05:22.0245334,NEA 12.5,SPFGA,90,N/A,Just checking the zero of the TRS-25. Seemed good at 25m.,2026-07-02 02:05:22.0254029+00:00,2026-07-02 02:05:22.0254049+00:00
173,01KWG95NQANDC12R5RW8Q012EK,2018-04-30 20:05:22.0256146,NEA 12.5,CDTSA/Milo,400,N/A,"CQB clinic. Has some fail-to-feed, related to the dusty 2nd day.",2026-07-02 02:05:22.0260772+00:00,2026-07-02 02:05:22.0260791+00:00
174,01KWG95NQANDC12R5RW8Q012EV,2018-04-30 20:05:22.0262702,G41,CDTSA/Milo,100,N/A,CQB Clinic @ Milo. Has some real accuracy issues (user related).,2026-07-02 02:05:22.0268565+00:00,2026-07-02 02:05:22.0268584+00:00
175,01KWG95NQBJXWJHTDRHSZZHSB7,2018-05-06 20:05:22.0270442,Remington 597,SPFGA,40,N/A,"Rimfire silhouette, 8/40",2026-07-02 02:05:22.0277484+00:00,2026-07-02 02:05:22.0277502+00:00
176,01KWG95NQCJZ50FQDETA8SG519,2018-05-06 20:05:22.0279116,GSG STG-44,SPFGA,95,N/A,"25m, 6'oclock hold, sights at bottom.",2026-07-02 02:05:22.0282675+00:00,2026-07-02 02:05:22.0282692+00:00
177,01KWG95NQDB75XD0JH8KYR388J,2018-05-06 20:05:22.0284317,Remington 597,SPFGA,40,N/A,25m: -1.75MOA E/-2MOA W,2026-07-02 02:05:22.0290675+00:00,2026-07-02 02:05:22.0290691+00:00
178,01KWG95NQDB75XD0JH8KYR388T,2018-05-06 20:05:22.0292313,GSG STG-44,SPFGA,50,N/A,"25m, set sights to 100. POI is POA",2026-07-02 02:05:22.0297254+00:00,2026-07-02 02:05:22.0297271+00:00
179,01KWG95NQEBNAE8A8M3YAVRH19,2018-05-10 20:05:22.0298937,G17,Phoenix,276,N/A,"The 124gr CamPro / 4.6gr HP-38 seems a bit hot.  Put the RMR on, shook off.  Wrong screws?  Needs Loctite?",2026-07-02 02:05:22.0302774+00:00,2026-07-02 02:05:22.030279+00:00
180,01KWG95NQEBNAE8A8M3YAVRH1H,2018-05-12 20:05:22.0304461,CZ-85,Phoenix,45,N/A,Pratice ammo. No jams. Did double action-single action pairs.,2026-07-02 02:05:22.0309987+00:00,2026-07-02 02:05:22.0310002+00:00
181,01KWG95NQF1Y2SFERWFR4HG96N,2018-05-12 20:05:22.0311653,G17,Phoenix,300,N/A,One squib. Zeroing RMR. Practicing double taps at 30' and some 55' shots.,2026-07-02 02:05:22.0314946+00:00,2026-07-02 02:05:22.0314962+00:00
182,01KWG95NQG3ZDWA2Z6SYMKWQ6Q,2018-05-20 20:05:22.0316404,M305,SPFGA,60,N/A,"Zeroing the Strike Eagle 1-6 @ 100m.
Range camera hit with spall, damaged camera.",2026-07-02 02:05:22.0324068+00:00,2026-07-02 02:05:22.0324085+00:00
183,01KWG95NQH6MJVHXVKR3SEJZHK,2018-05-20 20:05:22.032563,M305,SPFGA,40,N/A," 1-6 Strike Eagle, was shooting a touch high at 100m (2in?).

Shooting @ 100m. Series 15 on the Chrony.",2026-07-02 02:05:22.0333555+00:00,2026-07-02 02:05:22.0333573+00:00
184,01KWG95NQJDPBY9VHQXD6DT8ZZ,2018-05-21 20:05:22.0335402,M305,SPFGA,39,N/A,Zerod rifle,2026-07-02 02:05:22.0345396+00:00,2026-07-02 02:05:22.0345422+00:00
185,01KWG95NQKQZBY2N9W15ZZTHH6,2018-05-21 20:05:22.0347463,M305,SPFGA,50,N/A,+2MOA off the CamPro zero,2026-07-02 02:05:22.0355859+00:00,2026-07-02 02:05:22.0355879+00:00
186,01KWG95NQM08F00C3QEWNCH23X,2018-05-21 20:05:22.0357685,Remington 597,SPFGA,100,N/A,"100m 
+3.75MOA / -3.75MOA",2026-07-02 02:05:22.0364594+00:00,2026-07-02 02:05:22.036461+00:00
187,01KWG95NQQ5Y5N76RE73D2FFN3,2018-05-24 20:05:22.0392608,Winchester SXP,CHAS,16,N/A,3-gun skills and drills,2026-07-02 02:05:22.0396719+00:00,2026-07-02 02:05:22.0396739+00:00
188,01KWG95NQR6GRZQ5YJ9MHE82WR,2018-05-24 20:05:22.0399239,NEA 12.5,CHAS,45,N/A,3-gun skills and drills,2026-07-02 02:05:22.0403727+00:00,2026-07-02 02:05:22.0403743+00:00
189,01KWG95NQR6GRZQ5YJ9MHE82X0,2018-05-24 20:05:22.0405972,G17,SPFGA,67,N/A,"3-gun skills and drills night. 
Was shooting consistently low, by a lot.",2026-07-02 02:05:22.0409368+00:00,2026-07-02 02:05:22.0409384+00:00
190,01KWG95NQTPYXQK14WM11VK59Y,2018-05-27 20:05:22.0411557,G41,Phoenix,270,N/A,"Bill Drill @ 15' & 30'
Long range 45'",2026-07-02 02:05:22.0420075+00:00,2026-07-02 02:05:22.0420092+00:00
191,01KWG95NQTPYXQK14WM11VK5A6,2018-05-30 20:05:22.0423142,G41,Phoenix,149,N/A,"5 yards. 
Bill drill, draw & double tap.
Going slow, okay accuracy. ",2026-07-02 02:05:22.0428241+00:00,2026-07-02 02:05:22.0428259+00:00
192,01KWG95NQVJ1T2WAS3PQ24MC4M,2018-05-30 20:05:22.0430454,G17,Phoenix,290,N/A,"The 124gr CamPro FMJRN /4.5gr HP-38 seemed to be okay.

The 125gr BDX/4.8gr 800-x was good too, had softer impulse.",2026-07-02 02:05:22.0434208+00:00,2026-07-02 02:05:22.0434224+00:00
193,01KWG95NQWNX4T3TGNHJ1ZNG7Q,2018-06-18 20:05:22.0436483,SKS,SPFGA,165,N/A,Rezerod TRS-25.  Modified Navy Drill. Best time was 44.94 with 9 misses.,2026-07-02 02:05:22.0444467+00:00,2026-07-02 02:05:22.0444484+00:00
194,01KWG95NQXC9ZKYK81PXV1PPKV,2018-06-20 20:05:22.0448913,Remington 597,SPFGA,120,N/A,"Was gathering DOPE at 100m for the various brands. CCI Mini Mag had the best result, followed by Winchester M22.",2026-07-02 02:05:22.0457423+00:00,2026-07-02 02:05:22.0457442+00:00
195,01KWG95NQYGWZH5BN8TJP8DX6F,2018-06-25 20:05:22.0459763,G41,SPFGA,150,N/A,"7m. Practiced my press outs, draw from holster w/double tap.",2026-07-02 02:05:22.0465026+00:00,2026-07-02 02:05:22.0465044+00:00
196,01KWG95NQZ2C6VSWR4FDD0RD8Z,2018-06-27 20:05:22.0467423,G41,SPFGA,200,N/A,"Press-outs and drawing from holster, firing a single shot.",2026-07-02 02:05:22.0472687+00:00,2026-07-02 02:05:22.0472704+00:00
197,01KWG95NR02ZTYX4XF50AMS313,2018-07-16 20:05:22.0474805,M305,Edson,25,N/A,Shot out to 600m. Got consistent hits.,2026-07-02 02:05:22.048268+00:00,2026-07-02 02:05:22.0482759+00:00
198,01KWG95NR02ZTYX4XF50AMS31B,2018-07-16 20:05:22.048501,Israeli 98k,Edson,20,N/A,Shooting to 300m. Poor results.,2026-07-02 02:05:22.0489311+00:00,2026-07-02 02:05:22.0489327+00:00
199,01KWG95NR16TJJ27GPF4JSVR76,2018-07-18 20:05:22.0491561,Israeli 98k,SPFGA,22,N/A,Just practice @ 100m,2026-07-02 02:05:22.0496193+00:00,2026-07-02 02:05:22.0496212+00:00
200,01KWG95NR2ZBGDG586RS48QWDQ,2018-07-18 20:05:22.0498684,M305,SPFGA,50,N/A,"300m work
+7.0MOA / -1.0MOA
+29C
Prone with Caldwell front rest and rear bag.",2026-07-02 02:05:22.0507447+00:00,2026-07-02 02:05:22.0507465+00:00
201,01KWG95NR4VRVMGMG1944NBG5N,2018-07-19 20:05:22.0510106,M305,SPFGA,60,N/A,"100m zero confirm
200m +4MOA",2026-07-02 02:05:22.0522159+00:00,2026-07-02 02:05:22.0522184+00:00
202,01KWG95NR5JXKT1X8AFC928X3C,2018-07-22 20:05:22.0524948,G41,Phoenix,165,N/A,"21 feet
Draw & double tap.
Draw & fire 4 rounds. 
Had to come back to 15', groups too big at 21'.",2026-07-02 02:05:22.0530687+00:00,2026-07-02 02:05:22.0530704+00:00
203,01KWG95NR5JXKT1X8AFC928X3M,2018-07-23 20:05:22.0533044,GSG STG-44,SPFGA,90,N/A,"Trying out the zero with the new sight height.
Shot some Rimfire silhouette.",2026-07-02 02:05:22.0536691+00:00,2026-07-02 02:05:22.0536707+00:00
204,01KWG95NR6MDN7FZEQ7EB8ZGJN,2018-07-26 20:05:22.0538805,SKS,SPFGA,250,N/A,"50m range:
Navy Qualification Drill
2 left, 2 right. 8.3sec par
1 shot from low ready, 2 second part

",2026-07-02 02:05:22.0546953+00:00,2026-07-02 02:05:22.054697+00:00
205,01KWG95NR7ECRVSRQ2E7ZBXZZV,2018-07-30 20:05:22.0550167,G17,SPFGA,200,N/A,"Zeroed @ 15m
Practice at 25m.",2026-07-02 02:05:22.0554214+00:00,2026-07-02 02:05:22.055423+00:00
206,01KWG95NR8855AENS6VTFV4CM8,2018-07-31 20:05:22.0556251,GSG STG-44,SPFGA,100,N/A,Rimfire silhouette,2026-07-02 02:05:22.0560046+00:00,2026-07-02 02:05:22.0560062+00:00
207,01KWG95NR8855AENS6VTFV4CMG,2018-08-04 20:05:22.0562298,G17,CHAS,300,N/A,Sierra 64 Riflecraft pistol course.,2026-07-02 02:05:22.0566511+00:00,2026-07-02 02:05:22.0566527+00:00
208,01KWG95NR9WTF3F3HJHP3EQ7B7,2018-08-05 20:05:22.0568591,NEA 12.5,CHAS,250,N/A,Sierra 64 carbine course,2026-07-02 02:05:22.0572748+00:00,2026-07-02 02:05:22.0572764+00:00
209,01KWG95NRANR1TWCPV6HGVZVDD,2018-08-05 20:05:22.0574795,G41,CHAS,50,N/A,Course.,2026-07-02 02:05:22.0580486+00:00,2026-07-02 02:05:22.0580502+00:00
210,01KWG95NRANR1TWCPV6HGVZVDN,2018-08-28 20:05:22.0582651,G17,Phoenix,125,124gr CamPro; 4.5gr HP-38,Loose screws on RMR.  Draw and fire one round at 7m,2026-07-02 02:05:22.0587347+00:00,2026-07-02 02:05:22.0587363+00:00
211,01KWG95NRB7K65S0F1H20V9HV7,2018-09-02 20:05:22.0590305,SKS,SPFGA,160,Romanian,Rezered the TRS-25. Did some standing controlled pairs,2026-07-02 02:05:22.059879+00:00,2026-07-02 02:05:22.0598807+00:00
212,01KWG95NRDWM5KJ6KT9HYEH9ZT,2018-09-02 20:05:22.0601211,NEA 12.5,SPFGA,110,Assorted handloads,Zeroed the XPS2. Did some Navy Drills.,2026-07-02 02:05:22.0611368+00:00,2026-07-02 02:05:22.0611403+00:00
213,01KWG95NREHESKD0YD6BGE9PX8,2018-09-05 20:05:22.061587,G17,Phoenix,200,124gr CamPro; 4.5gr HP-38,Rezeroing the RMR. Draw & fire @ 8m. Some double taps as well. RMR screws came loose after 100 rounds or so.,2026-07-02 02:05:22.062298+00:00,2026-07-02 02:05:22.0623003+00:00
214,01KWG95NRF71TW8VSRK9TM5XCX,2018-09-06 20:05:22.0626557,G41,Phoenix,200,"230gr CamPro, 6.1gr 800-X",Mostly 7m and 11m practice.,2026-07-02 02:05:22.0632816+00:00,2026-07-02 02:05:22.0632833+00:00
215,01KWG95NRF71TW8VSRK9TM5XD5,2018-09-08 20:05:22.0635151,NEA 12.5,CHAS,160,"55gr CamPro, 23.5gr H4895",3-gun,2026-07-02 02:05:22.0639707+00:00,2026-07-02 02:05:22.0639723+00:00
216,01KWG95NRGGYVTPFMF0WD94GRY,2018-09-08 20:05:22.0641932,G17,CHAS,100,125gr Remington UMC,3-gun,2026-07-02 02:05:22.0646648+00:00,2026-07-02 02:05:22.0646664+00:00
217,01KWG95NRHM1ZR16YM9X5YMN31,2018-09-09 20:05:22.0648732,Winchester SXP,CHAS,100,Challenger #7.5,3-gun,2026-07-02 02:05:22.0652206+00:00,2026-07-02 02:05:22.0652222+00:00
218,01KWG95NRJSBDAD8YH9A2BV9MP,2018-10-01 20:05:22.0654659,Israeli 98k,SPFGA,10,"170 gr Hornady RN, 47.5gr H4895",+6MOA,2026-07-02 02:05:22.0663582+00:00,2026-07-02 02:05:22.06636+00:00
219,01KWG95NRKK4XN1E658AMJJWPV,2018-10-01 20:05:22.0666136,Israeli 98k,SPFGA,5,"170 gr Spitzer, 47.5gr H4895",+6MOA,2026-07-02 02:05:22.0671927+00:00,2026-07-02 02:05:22.0671943+00:00
220,01KWG95NRKK4XN1E658AMJJWQ3,2018-10-01 20:05:22.067422,Israeli 98k,SPFGA,25,"150 gr Speer SP, 46.0gr H4895",+4.5MOA,2026-07-02 02:05:22.0679565+00:00,2026-07-02 02:05:22.067958+00:00
221,01KWG95NRMNG20F1WRR9JGYD38,2018-10-01 20:05:22.0681833,Israeli 98k,SPFGA,20,"125 gr Spitzer, 51.5.5gr H4895",+7.5MOA,2026-07-02 02:05:22.0687279+00:00,2026-07-02 02:05:22.0687295+00:00
222,01KWG95NRNTE6SNF6TC18AG0VF,2018-10-01 20:05:22.0689803,Israeli 98k,SPFGA,45,Assorted handloads,Checking velocity on various handloads,2026-07-02 02:05:22.069572+00:00,2026-07-02 02:05:22.0695736+00:00
223,01KWG95NRPMS1VZXTW0X4DY028,2018-10-02 20:05:22.0697826,NEA 12.5,SPFGA,45,55gr CamPro/23.5gr H4895,Zeroed the XPS2.,2026-07-02 02:05:22.0702695+00:00,2026-07-02 02:05:22.070271+00:00
224,01KWG95NRPMS1VZXTW0X4DY02G,2018-10-07 20:05:22.0704814,NEA 12.5,CHAS,600,55gr CamPro/Assorted Powder,Sierra 64 Carbine Course.,2026-07-02 02:05:22.0709904+00:00,2026-07-02 02:05:22.0709919+00:00
225,01KWG95NRQC5XRXNBTKC5D9NJA,2018-10-13 20:05:22.0712157,NEA 12.5,CHAS,40,55gr CamPro/23.5gr H4895,3-gun,2026-07-02 02:05:22.071762+00:00,2026-07-02 02:05:22.0717637+00:00
226,01KWG95NRRAN306R4A1GAWMYJZ,2018-10-13 20:05:22.0720032,G41,CHAS,100,"230gr CamPro, 6.1gr 800-X",3-gun,2026-07-02 02:05:22.0726372+00:00,2026-07-02 02:05:22.0726389+00:00
227,01KWG95NRS1VS5HWK6YX20XMM3,2018-10-13 20:05:22.0728552,Winchester SXP,CHAS,75,Challenger #7.5,3-gun,2026-07-02 02:05:22.0732654+00:00,2026-07-02 02:05:22.073267+00:00
228,01KWG95NRTSX8H3JB7JS6KQFGW,2018-10-17 20:05:22.0734861,M305,CHAS,50,Norinco 147gr,Plinking out to 500m.,2026-07-02 02:05:22.0743565+00:00,2026-07-02 02:05:22.0743582+00:00
229,01KWG95NRV6F045V0ZEW3KMQYR,2018-10-28 20:05:22.0746113,Israeli 98k,SPFGA,35,"150gr Speer, 46.0gr H4895","Zeroing scope for 100m, gathered DOPE for 200m. +4MOA @200",2026-07-02 02:05:22.0752353+00:00,2026-07-02 02:05:22.075237+00:00
230,01KWG95NRWWK60RTC0GPAET3HD,2018-11-04 20:05:22.0754558,G41,Phoenix,200,"CamPro 230gr, 6.1gr 800-X",Practiced out to 15m mostly.,2026-07-02 02:05:22.0763413+00:00,2026-07-02 02:05:22.0763434+00:00
231,01KWG95NRXA4Y62HNW1RJ9HFD6,2018-11-04 20:05:22.0766435,G41,Phoenix,25,"CamPro 230gr, 4.5gr Hp-38",Trying out new load.  Like this; seemed more accurate than the 800-X,2026-07-02 02:05:22.0777578+00:00,2026-07-02 02:05:22.0777596+00:00
232,01KWG95NRYHEWXW19KGBZ1YX3V,2018-11-08 20:05:22.077992,G41,Phoenix,170,"CamPro 230gr, 6.1gr 800-X","",2026-07-02 02:05:22.0787024+00:00,2026-07-02 02:05:22.078704+00:00
233,01KWG95NRZCAVMC46YMBE0JBQA,2018-11-15 20:05:22.0790235,G41,Phoenix,170,"CamPro 230gr, 6.1gr 800-X",Draw & fire @ 7 yards.  Slow & accurate.  Long range shots,2026-07-02 02:05:22.079763+00:00,2026-07-02 02:05:22.0797646+00:00
234,01KWG95NS0NRQCX3ZBM038JCXP,2018-11-18 20:05:22.0799906,Israeli 98k,SPFGA,37,"Assorted handloads, 150gr & 125 gr",Testing the reformed brass.,2026-07-02 02:05:22.0806192+00:00,2026-07-02 02:05:22.0806208+00:00
235,01KWG95NS1TCEV39HN7EWSNXEY,2018-12-02 20:05:22.080832,MDI SLR,SPFGA,72,"55gr CamPro, 24.5gr H4895","Zeroing the Strikefire, blasting",2026-07-02 02:05:22.0811469+00:00,2026-07-02 02:05:22.0811485+00:00
236,01KWG95NS2X26SAZPZSADYPNPC,2018-12-08 20:05:22.0813881,M305,CHAS,60,147gr Handloads,3-gun,2026-07-02 02:05:22.0822809+00:00,2026-07-02 02:05:22.0822824+00:00
237,01KWG95NS3E12KS57KM084K1TX,2018-12-08 20:05:22.0825107,G41,CHAS,70,"230gr CamPro, 6.1gr 800-X",3-gun,2026-07-02 02:05:22.0833664+00:00,2026-07-02 02:05:22.0833683+00:00
238,01KWG95NS466QASWY9NQHMK4CW,2018-12-08 20:05:22.0836855,Winchester SXP,CHAS,3,Challenger #7.5,"3-gun, shotgun doesn't feed properly.",2026-07-02 02:05:22.0840836+00:00,2026-07-02 02:05:22.0840851+00:00
239,01KWG95NS466QASWY9NQHMK4D4,2019-01-27 20:05:22.0843156,G17,Phoenix,250,124gr CamPro; 4.5gr HP-38,Confirming zero of RMR.,2026-07-02 02:05:22.0848348+00:00,2026-07-02 02:05:22.0848363+00:00
240,01KWG95NS5TKJ0G84MW4ZGWHBP,2019-02-18 20:05:22.0850514,G41,Phoenix,120,"230gr Campro, 6.0gr 800-X","Focus drill @ 5 yards. Can blow out 2"""" circle if going slow.",2026-07-02 02:05:22.0858199+00:00,2026-07-02 02:05:22.0858215+00:00
241,01KWG95NS79AVJASA9749XJ3JN,2019-02-25 20:05:22.0860737,G41,Phoenix,150,"230gr Campro, 6.0gr 800-X","Focus drills @ 3,5, & yards.  Start at 6 yards next time",2026-07-02 02:05:22.0872299+00:00,2026-07-02 02:05:22.0872321+00:00
242,01KWG95NS8QWQC7747QBX9HVNJ,2019-02-27 20:05:22.0874746,G41,Phoenix,150,"230gr Campro, 6.0gr 800-X",Focus drills @ 6  yards.  Start at 8 yards next time,2026-07-02 02:05:22.0883367+00:00,2026-07-02 02:05:22.0883384+00:00
243,01KWG95NS9WE6Q3ZJ9C5405K87,2019-03-02 20:05:22.0886037,G17,Phoenix,75,124gr CamPro; 4.5gr HP-38,League night. slow to warm up,2026-07-02 02:05:22.0891423+00:00,2026-07-02 02:05:22.0891439+00:00
244,01KWG95NSA6VZKXBF531CACJBP,2019-03-06 20:05:22.0893548,G41,Phoenix,123,"230gr Campro, 6.0gr 800-X",variety. focus drills at 6& 8 yards. Bill drill at 5  yards,2026-07-02 02:05:22.0901895+00:00,2026-07-02 02:05:22.0901912+00:00
245,01KWG95NSA6VZKXBF531CACJBY,2019-03-06 20:05:22.0904515,G17,Phoenix,120,124gr CamPro; 4.5gr HP-38,Focus drills as 8 yards. draw & fire 3 rounds at 8 yards. need work on both,2026-07-02 02:05:22.0909926+00:00,2026-07-02 02:05:22.0909941+00:00
246,01KWG95NSCX1N04Z1YFYN1E4TF,2019-03-17 20:05:22.0917472,G17,Phoenix,230,124gr CamPro; 4.5gr HP-38,drop & present. slow fire at 8 & 10 yards. slow fire at 15 yards,2026-07-02 02:05:22.0924754+00:00,2026-07-02 02:05:22.0924776+00:00
247,01KWG95NSD34K437YASWRS04PB,2019-03-31 20:05:22.092834,STAG-10,SPFGA,40,147gr Norinco,Was trying to zero at 100m. Blasting for fun.,2026-07-02 02:05:22.0931761+00:00,2026-07-02 02:05:22.0931777+00:00
248,01KWG95NSD34K437YASWRS04PK,2019-03-31 20:05:22.0934244,STAG-10,SPFGA,44,"147g CamPro, 43.6gr IMR 4895","Zeroing the Strike Eagle @ 100m.
One 3rnd group was sub-MOA.  Seemed to get < 2MOA without much trying.  
Need to get used to the trigger.",2026-07-02 02:05:22.0937704+00:00,2026-07-02 02:05:22.0937722+00:00
249,01KWG95NSEA74ASS4TXC19W5KS,2019-04-06 20:05:22.0940075,Remington 597,Phoenix,300,Various .22LR,"Testing the groups on assorted ammo.  In order:  Sterling Cross, M22, Choot 'em, Remington.",2026-07-02 02:05:22.0947304+00:00,2026-07-02 02:05:22.0947322+00:00
250,01KWG95NSF8XWMGCJSDRVYSY11,2019-04-10 20:05:22.0949448,G17,Phoenix,200,124gr CamPro; 4.5gr HP-38,"One handed shooting, both strong hand and weak hand.  Very shakey with the left hand on the red dot",2026-07-02 02:05:22.0955537+00:00,2026-07-02 02:05:22.0955554+00:00
251,01KWG95NSGEC30R5GSR4TX1TB4,2019-04-13 20:05:22.0958989,STAG-10,CHAS,45,"147gr CamPro, 43,6gr IMR 4895",Excellent results on the long range: of the 6 metal targets didn't miss once.,2026-07-02 02:05:22.0962353+00:00,2026-07-02 02:05:22.096237+00:00
252,01KWG95NSHE38C1GKCR38ZAW6M,2019-04-13 20:05:22.0964525,G41,CHAS,80,"230gr CamPro, 6.0gr 800-X","",2026-07-02 02:05:22.0976733+00:00,2026-07-02 02:05:22.0976751+00:00
253,01KWG95NSJH6B3VG76GEY7G3W3,2019-04-19 20:05:22.0979248,Remington 597,SPFGA,50,50 rounds assorted,"ORPS trial run. Had about 5 Fail-to-Fire with the Sterling Cross. Switched to M22, had only 1 FTF.  Ordered a new Volquartsen hammer.",2026-07-02 02:05:22.0986616+00:00,2026-07-02 02:05:22.0986634+00:00
254,01KWG95NSKABZBAVD6C2VM9NN0,2019-04-22 20:05:22.0988914,Remington 597,SPFGA,107,Sterling Cross,Sterling Cross ammo.  Zero to 50m.  Chrony the rounds.  No Fail-to-fire this time.,2026-07-02 02:05:22.0997536+00:00,2026-07-02 02:05:22.0997554+00:00
255,01KWG95NSMZSBPDJCY7SMR9K9V,2019-05-01 20:05:22.0999862,G17,Phoenix,200,124gr CamPro; 4.5gr HP-38,Draw and fire at 24'. Tried controlled pairs.  Had a downward flinch.,2026-07-02 02:05:22.1007056+00:00,2026-07-02 02:05:22.1007076+00:00
256,01KWG95NSNE45KZVZDA5R1HVVP,2019-05-08 20:05:22.1009536,Remington 597,SPFGA,77,Sterling Cross,"Sterling Cross ammo.  Zero to 50m. Shooting at 100m:  +7.25MOA.  Looks like I could have used -1.5MOA on windage, but it was a bit windy.",2026-07-02 02:05:22.101731+00:00,2026-07-02 02:05:22.1017327+00:00
257,01KWG95NSP8ZGVZ85KFF1JSDZ9,2019-05-19 20:05:22.1019749,Remington 597,SPFGA,20,CCI SV,"",2026-07-02 02:05:22.1027567+00:00,2026-07-02 02:05:22.1027584+00:00
258,01KWG95NSRQ4X64JTSN20T4H6Q,2019-05-08 20:05:22.1029878,Remington 597,SPFGA,20,Winchester M22,"Some test shoots to compare the zero  after shooting the Sterling Cross.  Much bigger groups, and shot higher.",2026-07-02 02:05:22.104144+00:00,2026-07-02 02:05:22.1041465+00:00
259,01KWG95NSSTZ6ED8B20TGBSMDV,2019-05-11 20:05:22.1043984,Remington 597,SPFGA,60,Sterling Cross,May ORPS match.  Scored 160/500.,2026-07-02 02:05:22.1052903+00:00,2026-07-02 02:05:22.1052922+00:00
260,01KWG95NSSTZ6ED8B20TGBSME3,2019-05-19 20:05:22.1055326,MDI SLR,SPFGA,70,"55gr CamPro, 24.8gr H4895",rezeroing at 100m,2026-07-02 02:05:22.1058521+00:00,2026-07-02 02:05:22.1058537+00:00
261,01KWG95NSVPXA95AT4MJP9C7GG,2019-05-19 20:05:22.1060979,Remington 597,SPFGA,40,Sterling Cross,DOPE for 100m,2026-07-02 02:05:22.1070077+00:00,2026-07-02 02:05:22.1070096+00:00
262,01KWG95NSW227NNY4EYM58J4DW,2019-05-19 20:05:22.1075669,Remington 597,SPFGA,20,Winchester M22,DOPE for 100m,2026-07-02 02:05:22.1085514+00:00,2026-07-02 02:05:22.1085532+00:00
263,01KWG95NSXDFT4GKYTT7EVB892,2019-05-25 20:05:22.1088099,RPRimfire,SPFGA,100,Various .22LR,"Zeroing scope, trying out different ammo: Winchester M22, Sterling Cross, and CCI.  All seemed to be equal/consistent.Failure to extract issues.  Cleaned the bolt & chamber afterwards.",2026-07-02 02:05:22.1091513+00:00,2026-07-02 02:05:22.109153+00:00
264,01KWG95NSXDFT4GKYTT7EVB89A,2019-05-27 20:05:22.1093858,RPRimfire,Phoenix,120,Remington Gold Jacket stuff,Checking for extraction issues.  Not a single problem.,2026-07-02 02:05:22.109711+00:00,2026-07-02 02:05:22.1097126+00:00
265,01KWG95NSY9XXWKFQ21H5AEHB5,2019-06-13 20:05:22.1099419,G17,Phoenix,150,124gr CamPro; 4.5gr HP-38,"",2026-07-02 02:05:22.1105668+00:00,2026-07-02 02:05:22.1105685+00:00
266,01KWG95NSZH9Q6RMCHWTJ3HAMJ,2019-06-09 20:05:22.1107818,STAG-10,CHAS,109,"147g CamPro, 44.8gr IMR 4895","",2026-07-02 02:05:22.11112+00:00,2026-07-02 02:05:22.1111215+00:00
267,01KWG95NT04FVEY4SFST0H2FH5,2019-06-09 20:05:22.1113243,G41,CHAS,154,"230gr CamPro, 6.0gr 800-X","",2026-07-02 02:05:22.1125524+00:00,2026-07-02 02:05:22.1125541+00:00
268,01KWG95NT10B01EC9FBWMJZ894,2019-06-22 20:05:22.1128688,Remington 597,SPFGA,52,Sterling Cross,ORPS,2026-07-02 02:05:22.1138754+00:00,2026-07-02 02:05:22.1138772+00:00
269,01KWG95NT2MMP0BXAH35QK8NGK,2019-08-10 20:05:22.1141842,G17,Phoenix,250,124gr CamPro; 4.5gr HP-38,IPSC target. Mostly 18 yards for accuracy (A-zone hits). Also practices shooting controlled pairs as fast as possible in the A-Zone.,2026-07-02 02:05:22.1149749+00:00,2026-07-02 02:05:22.1149766+00:00
270,01KWG95NT4ZJ34V7CBC6Y6N6WC,2019-08-22 20:05:22.1151962,G41,Phoenix,100,"200gr Hornady, 6.5gr HP-38","Shooting at 15', 30' and then 55'.  Seemed to be accurate.",2026-07-02 02:05:22.1161198+00:00,2026-07-02 02:05:22.1161215+00:00
271,01KWG95NT578C59SYJ3Z3FTCH6,2019-08-22 20:05:22.1163962,G41,Phoenix,50,"230gr CamPro, 6.0gr 800-X","Shooting at 55'. Deliberate shots were mostly A-Zone.Controlled pairs had one shot in the A, the other in the C or D.",2026-07-02 02:05:22.1177405+00:00,2026-07-02 02:05:22.1177424+00:00
272,01KWG95NT7S3WER68W6CRK0T2Y,2019-08-24 20:05:22.1180186,Remington 597,SPFGA,49,Sterling Cross,ORPS match,2026-07-02 02:05:22.1190491+00:00,2026-07-02 02:05:22.119051+00:00
273,01KWG95NT7S3WER68W6CRK0T36,2019-08-24 20:05:22.1192921,RPRimfire,SPFGA,75,Sterling Cross,No failure to extract. Rezored at 50m. Shot from the prone as as well with the Magpul MLok bipod,2026-07-02 02:05:22.1196342+00:00,2026-07-02 02:05:22.1196358+00:00
274,01KWG95NT8HDE0ZZCMH8BD3798,2019-08-24 20:05:22.1198525,Remington 597,SPFGA,40,Sterling Cross,Rezeroed at 50m,2026-07-02 02:05:22.1208239+00:00,2026-07-02 02:05:22.1208256+00:00
275,01KWG95NT9YF86F0GF1DJ35Z9D,2019-08-25 20:05:22.121067,RPRimfire,CHAS,20,Sterling Cross,"20 rnds, collecting velocity",2026-07-02 02:05:22.1214285+00:00,2026-07-02 02:05:22.1214301+00:00
276,01KWG95NTA0TM4BSPQDV61M38V,2019-08-25 20:05:22.1216538,RPRimfire,CHAS,40,Winchester M22,Collecting velocity,2026-07-02 02:05:22.1220405+00:00,2026-07-02 02:05:22.1220421+00:00
277,01KWG95NTA0TM4BSPQDV61M393,2019-08-25 20:05:22.1222494,GSG STG-44,CHAS,110,Winchester M22,Trying out M22 at 50m.,2026-07-02 02:05:22.1226611+00:00,2026-07-02 02:05:22.1226627+00:00
278,01KWG95NTCYE1Q9S8Q5T4971QR,2019-08-25 20:05:22.1231839,Israeli 98k,CHAS,9,"150 Sierra SPT, 49gr IMR4895",Collecting velocity,2026-07-02 02:05:22.1241979+00:00,2026-07-02 02:05:22.1242005+00:00
279,01KWG95NTD7HW17XAKYG7QPZA7,2019-08-25 20:05:22.1244529,Israeli 98k,CHAS,5,196gr S&B factory ammo,Collecting velocity,2026-07-02 02:05:22.1252542+00:00,2026-07-02 02:05:22.125256+00:00
280,01KWG95NTD7HW17XAKYG7QPZAF,2019-09-07 20:05:22.1254996,STAG-10,CHAS,150,Norinco 147gr,Collecting velocity,2026-07-02 02:05:22.1258767+00:00,2026-07-02 02:05:22.1258783+00:00
281,01KWG95NTFQ7A32TGVJDWYR7AB,2019-09-07 20:05:22.1260993,Israeli 98k,CHAS,32,"150 Sierra SPT, 49gr IMR4895",Building DOPE to 500m,2026-07-02 02:05:22.1272208+00:00,2026-07-02 02:05:22.1272226+00:00
282,01KWG95NTGS1CJXWXGZP207Y0A,2019-09-07 20:05:22.127484,M96,CHAS,19,"107gr SMK, ?? Powder",Zeroing the Bushnell Elite 3200 10x,2026-07-02 02:05:22.1280398+00:00,2026-07-02 02:05:22.1280414+00:00
283,01KWG95NTGS1CJXWXGZP207Y0J,2019-09-22 20:05:22.1283472,NEA 12.5,SPFGA,60,"55gr Campro, 24gr H4895","Zeroing/Rezeroing the EoTech, collecting velocity. Horrible groups",2026-07-02 02:05:22.1289243+00:00,2026-07-02 02:05:22.128926+00:00
284,01KWG95NTH1DSA0AQQ04CW8219,2019-09-22 20:05:22.1291595,MDI SLR,SPFGA,40,"55gr Campro, 24gr H4895",Collecting velocity. Good groups,2026-07-02 02:05:22.1295175+00:00,2026-07-02 02:05:22.1295191+00:00
285,01KWG95NTJS4P84DYPTT14NNX8,2019-09-28 20:05:22.1297311,Remington 597,SPFGA,50,Sterling Cross,ORPS,2026-07-02 02:05:22.1307667+00:00,2026-07-02 02:05:22.1307684+00:00
286,01KWG95NTKA8G51SF411QBWGYT,2019-10-03 20:05:22.1310163,RPRimfire,Phoenix,20,Sterling Cross,"Testing the extraction, shooting at 3/4"""" circles. Good groups.  -1 MOA",2026-07-02 02:05:22.1314415+00:00,2026-07-02 02:05:22.1314431+00:00
287,01KWG95NTMVE7TA3BNYGPMSNSG,2019-10-03 20:05:22.1316817,RPRimfire,Phoenix,80,Remington Yellow Jacket,"Testing extraction. 1 stuck case.  Shooting at 3/4"""" circles.  Wider groups -1.75MOA",2026-07-02 02:05:22.1321479+00:00,2026-07-02 02:05:22.1321496+00:00
288,01KWG95NTMVE7TA3BNYGPMSNSR,2019-10-03 20:05:22.1324365,RPRimfire,Phoenix,100,??,testing extraction. shoots well. -1.5MOA elevation. had about 6 failure-to-extract,2026-07-02 02:05:22.1329356+00:00,2026-07-02 02:05:22.1329373+00:00
289,01KWG95NTNVXB3PRJ67RF48R8C,2019-10-04 20:05:22.1331858,RPRimfire,Phoenix,80,Sterling Cross,Lightened up the trigger.  1 failure-to-extract. Had -0.25MOA/-0.25MOA. Could get good groups (all rounds touching).,2026-07-02 02:05:22.1337161+00:00,2026-07-02 02:05:22.1337178+00:00
290,01KWG95NTQ2B4CD3SWVH58K18B,2019-10-10 20:05:22.1339923,Remington 597,Phoenix,30,Sterling Cross,Practicing on the Mapleseed 25m target.  Scope adjustments were approx +1.5MOA/+1MOA,2026-07-02 02:05:22.1354326+00:00,2026-07-02 02:05:22.1354345+00:00
291,01KWG95NTR1F4D0V2ZZGTF5G7V,2019-10-10 20:05:22.1356884,Remington 597,Phoenix,40,Winchester M22,Practicing on the Mapleseed 25m target.  No scope adjustments,2026-07-02 02:05:22.136832+00:00,2026-07-02 02:05:22.1368338+00:00
292,01KWG95NTTSQXJ7JHQKVFTW444,2019-10-11 20:05:22.1371215,Remington 597,Phoenix,90,Winchester M22,"Practicing on Mapleeed 25m Targets. Tried shooting from left shoulder: Groups very loose, had to use +1MOA wind",2026-07-02 02:05:22.1382595+00:00,2026-07-02 02:05:22.1382613+00:00
293,01KWG95NTWEVF0R5R5KWG2B2Y3,2019-10-11 20:05:22.1385024,Remington 597,Phoenix,10,Remington Yellow Jacket,I think it was yellow jacket?,2026-07-02 02:05:22.1404093+00:00,2026-07-02 02:05:22.1404126+00:00
294,01KWG95NTXXXBEC81FFH1D2KNG,2019-10-13 20:05:22.14076,RPRimfire,"",0,"",Tinfoil tape bedding jbo performed.,2026-07-02 02:05:22.1413301+00:00,2026-07-02 02:05:22.141332+00:00
295,01KWG95NTY89VV0MT8AYWQ6WZP,2019-10-14 20:05:22.1415748,RPRimfire,SPFGA,100,Sterling Cross,100m was +7MOA elevation.,2026-07-02 02:05:22.1421597+00:00,2026-07-02 02:05:22.1421615+00:00
296,01KWG95NTY89VV0MT8AYWQ6WZY,2019-10-14 20:05:22.142424,STAG-10,SPFGA,19,Norinco 147gr,Just shooting at 100m. Could hit the 200m gong.,2026-07-02 02:05:22.14285+00:00,2026-07-02 02:05:22.1428523+00:00
297,01KWG95NTZ6QYTP6FFCCKJPEPR,2019-10-14 20:05:22.1430911,STAG-10,SPFGA,20,165gr Nosler,Shoots a touch high,2026-07-02 02:05:22.1435269+00:00,2026-07-02 02:05:22.1435286+00:00
298,01KWG95NV0B723QZE7G0494VFA,2019-10-14 20:05:22.1437476,RPRimfire,"",0,"",Cleaned the RPRimfire,2026-07-02 02:05:22.1443254+00:00,2026-07-02 02:05:22.1443271+00:00
299,01KWG95NV1FXHWSMEYVWYSQT67,2019-10-16 20:05:22.1445661,RPRimfire,Phoenix,20,CCI (Just Choot 'em),Good groupings (basically on hole ~ 1.5diameters)',2026-07-02 02:05:22.1451906+00:00,2026-07-02 02:05:22.1451924+00:00
300,01KWG95NV2CXC2HR54DQ73S9KF,2019-10-16 20:05:22.1454417,RPRimfire,Phoenix,50,Hornady Varmint,Good groupings (basically on hole ~ 1.5diameters)'. Windage -0.75MOA,2026-07-02 02:05:22.1460699+00:00,2026-07-02 02:05:22.1460717+00:00
301,01KWG95NV39J0Y10XGRP147FYC,2019-10-23 20:05:22.1463188,Remington 597,Phoenix,100,Winchester M22,Open groups. +0.75MOA/+1.25MOA (approx.),2026-07-02 02:05:22.1475578+00:00,2026-07-02 02:05:22.1475597+00:00
302,01KWG95NV5KR4XS4R4XJT8ZBEF,2019-10-23 20:05:22.1478324,Remington 597,"",0,"","Cleaned rifle.  Action screws to 45 in-lb, and the guide rod screws to 10 in-lb.",2026-07-02 02:05:22.1495561+00:00,2026-07-02 02:05:22.1495588+00:00
303,01KWG95NV7QBE4GE0CXYDGC54C,2019-10-24 20:05:22.1500113,Remington 597,Phoenix,99,Sterling Cross,Had to rezero. Groups seem to be better now with the cleaned bore and screws torqued to spec.,2026-07-02 02:05:22.1517584+00:00,2026-07-02 02:05:22.1517621+00:00
304,01KWG95NV96K8ZAC41DDA1YVTD,2019-10-26 20:05:22.1520893,Remington 597,SPFGA,44,Sterling Cross,ORPS,2026-07-02 02:05:22.1537819+00:00,2026-07-02 02:05:22.1537839+00:00
305,01KWG95NVCEAWCSTM3HZDR4DSK,2019-11-01 20:05:22.1557798,RPRimfire,SPFGA,85,Sterling Cross,two 4-minute MQT. 192 & 118.  Had a coupl of stoppages/failures.,2026-07-02 02:05:22.1565629+00:00,2026-07-02 02:05:22.1565651+00:00
306,01KWG95NVDPKJ79HJ5MQQ92VE3,2019-11-05 20:05:22.1568499,RPRimfire,Phoenix,134,Sterling Cross,"Practiced running the bolt. 5 rounds at two different targets (3/4"""" diameter) in 55 seconds. Had a lot of Fail-To-Extract, 5 or so.",2026-07-02 02:05:22.1575115+00:00,2026-07-02 02:05:22.1575134+00:00
307,01KWG95NVE18GEVN1A6WGBK5ZX,2019-11-05 20:05:22.1577963,RPRimfire,Phoenix,20,Hornady Varmint,"Practiced running the bolt. 5 rounds at two different 3/4"""" targets in 55 seconds.",2026-07-02 02:05:22.1584692+00:00,2026-07-02 02:05:22.1584708+00:00
308,01KWG95NVFE4AZANEBJV058VKA,2019-11-14 20:05:22.1587409,GSG STG-44,Phoenix,63,Hornady Varmint,Zeroing the Bushnell TRS-25 RDS.  Should be right on at 40 yards,2026-07-02 02:05:22.1591652+00:00,2026-07-02 02:05:22.1591668+00:00
309,01KWG95NVFE4AZANEBJV058VKJ,2019-11-17 20:05:22.1593879,GSG STG-44,Phoenix,110,Sterling Cross,"POI seems to have shifted (and possibly wandering?).  Was hitting ~ 2.5"""" high at 40 yards.",2026-07-02 02:05:22.1598758+00:00,2026-07-02 02:05:22.1598774+00:00
310,01KWG95NVG6K0Q7S75YNKAK2MM,2019-11-17 20:05:22.1600926,GSG STG-44,"",0,"",Cleaning,2026-07-02 02:05:22.1605761+00:00,2026-07-02 02:05:22.1605777+00:00
311,01KWG95NVJPAGEZ3WK2396SGRS,2019-11-23 20:05:22.1608163,G41,"",0,"",Cleaning,2026-07-02 02:05:22.1622603+00:00,2026-07-02 02:05:22.162262+00:00
312,01KWG95NVKT8PX3HX6A2WQYBDV,2019-11-23 20:05:22.1625209,G17,"",0,"",Cleaning,2026-07-02 02:05:22.1632546+00:00,2026-07-02 02:05:22.1632562+00:00
313,01KWG95NVMPF1F2CBR28N7968D,2019-11-24 20:05:22.1635001,G17,Phoenix,160,"121gr RNHB, 4.4gr HP-38",Draw & fire @ 7 yards.,2026-07-02 02:05:22.1642632+00:00,2026-07-02 02:05:22.1642648+00:00
314,01KWG95NVNS6ZDRS3THBNFKA8C,2019-11-24 20:05:22.1645239,G17,Phoenix,100,124gr CamPro; 4.5gr HP-38,Bill drill at 3 yards. Draw & fire @ 7 yards,2026-07-02 02:05:22.165291+00:00,2026-07-02 02:05:22.1652927+00:00
315,01KWG95NVPMA2XEPB389RT4S0K,2019-11-28 20:05:22.1655386,RPRimfire,SPFGA,20,Sterling Cross,Checking out zero at 50m.  Had to come up ~3 clicks (0.75MOA),2026-07-02 02:05:22.1662636+00:00,2026-07-02 02:05:22.1662654+00:00
316,01KWG95NVQFJ2Z0Y872VGKYQJS,2019-11-28 20:05:22.1665109,RPRimfire,SPFGA,20,CCI SV,Comparing with the Sterling Cross.  Had to come right ~3 clicks (0.75MOA) and kept the 1.5MOA elevation,2026-07-02 02:05:22.1673211+00:00,2026-07-02 02:05:22.1673229+00:00
317,01KWG95NVRTD0W9GWTA84WQYPV,2019-11-29 20:05:22.1676133,RPRimfire,Phoenix,30,Sterling Cross,"Working on speed:  shoot, run the bolt, and get into a 3/4"""" circle",2026-07-02 02:05:22.168403+00:00,2026-07-02 02:05:22.1684047+00:00
318,01KWG95NVS9246Y697309K94FN,2019-11-29 20:05:22.1686696,RPRimfire,Phoenix,80,CCI SV,"Working on speed. Either shooting 10 shots at a circle (~ 80 seconds) or 1 shot/0.75"""" circle.",2026-07-02 02:05:22.1698578+00:00,2026-07-02 02:05:22.1698601+00:00
319,01KWG95NVV9VTRE8TR5D3N6DJM,2019-11-30 20:05:22.1701146,RPRimfire,SPFGA,66,Sterling Cross,ORPS. Had extraction issues. Dirty extractor?,2026-07-02 02:05:22.1711964+00:00,2026-07-02 02:05:22.1711984+00:00
320,01KWG95NVV9VTRE8TR5D3N6DJW,2019-12-07 20:05:22.1714579,STAG-10,CHAS,60,Norinco 147gr,CHAS 3-gun,2026-07-02 02:05:22.1719397+00:00,2026-07-02 02:05:22.1719415+00:00
321,01KWG95NVXE1XTXQSHF3K46CTB,2019-12-07 20:05:22.1721691,G41,CHAS,40,"230gr Campro, 6.0gr 800X",CHAS 3-gun,2026-07-02 02:05:22.1732123+00:00,2026-07-02 02:05:22.1732141+00:00
322,01KWG95NVXE1XTXQSHF3K46CTK,2019-12-07 20:05:22.1734596,Winchester SXP,CHAS,37,Challenger #7.5,CHAS 3-gun (sharing the shotgun with Alex B.),2026-07-02 02:05:22.1738854+00:00,2026-07-02 02:05:22.1738871+00:00
323,01KWG95NVYXW4BPZG3N9KJNVMD,2019-12-07 20:05:22.1741066,NEA 12.5,CHAS,50,"55gr CamPro, 24gr H4895",CHAS 3-gun (Alex B. using my rifle),2026-07-02 02:05:22.174717+00:00,2026-07-02 02:05:22.1747188+00:00
324,01KWG95NVZM5961V4EHTTPQVBS,2019-12-07 20:05:22.1749486,G17,CHAS,76,124gr CamPro; 4.5gr HP-38,CHAS 3-gun (Alex B. using my pistol),2026-07-02 02:05:22.175777+00:00,2026-07-02 02:05:22.1757787+00:00
325,01KWG95NW13XQ8KQCJJTJQFFVM,2019-12-14 20:05:22.1760105,RPRimfire,SPFGA,106,Sterling Cross,"Mapleseed Bootcamp, 185/250. Had one failure to extract.",2026-07-02 02:05:22.1773062+00:00,2026-07-02 02:05:22.1773093+00:00
326,01KWG95NW2MAFA7NBC857WPHSC,2019-12-16 20:05:22.177576,RPRimfire,Phoenix,105,"Federal 36gr HP ""Black Pack""",Trying out the 36gr Federal Black Pack Bulk stuff. -2.0MOA/-0.75 MOA (the same as M22?),2026-07-02 02:05:22.1785812+00:00,2026-07-02 02:05:22.1785832+00:00
327,01KWG95NW4EMDSM8HTW44ZJ0Q5,2019-12-27 20:05:22.1789319,G41,Phoenix,75,"230gr Campro, 4.5gr HP-38",One squib. Shooting at 11 yards,2026-07-02 02:05:22.1800383+00:00,2026-07-02 02:05:22.1800402+00:00
328,01KWG95NW51QDH8SV7EV98YMW3,2019-12-27 20:05:22.1803008,G41,Phoenix,10,"185gr Hornady HP,  6.7gr HP-38",The primers were not flush - resulting in light strikes and not firing.,2026-07-02 02:05:22.181488+00:00,2026-07-02 02:05:22.1814901+00:00
329,01KWG95NW73CXX1S08PTM1TJP2,2019-12-27 20:05:22.181793,G41,Phoenix,75,"200gr Hornady WC, 6.4gr HP-38","More recoil/impulse, rips big holes in the targets.  Less accurate thant the 230gr CamPro",2026-07-02 02:05:22.1834441+00:00,2026-07-02 02:05:22.183448+00:00
330,01KWG95NW9Z9X82WQ72V57Q7YF,2019-12-31 20:05:22.1838878,G41,Phoenix,50,"230gr Campro, 4.5gr HP-38",Shooting at 12 yards to compare accuracty with the 185gr,2026-07-02 02:05:22.1851198+00:00,2026-07-02 02:05:22.1851241+00:00
331,01KWG95NWBBK24B5JBF8FFHAN5,2019-12-31 20:05:22.1854111,G41,Phoenix,140,"185gr Hornady HP, 6.7gr HP-38",Good accuracy at 12 yard.  Big fireball.,2026-07-02 02:05:22.1873279+00:00,2026-07-02 02:05:22.1873314+00:00
332,01KWG95NWCVR1HG9QKXWVWBQ33,2020-01-05 20:05:22.1876246,G41,SPFGA,50,"230gr Campro, 4.5gr HP-38","Shooting at 50m.  There was about a 20"""" drop",2026-07-02 02:05:22.1889113+00:00,2026-07-02 02:05:22.1889134+00:00
333,01KWG95NWDCCRQP4FR7236F6PR,2020-01-05 20:05:22.1891755,NEA 12.5,SPFGA,40,"55gr Campro, 24.5gr IMR 4895","",2026-07-02 02:05:22.1898099+00:00,2026-07-02 02:05:22.1898117+00:00
334,01KWG95NWE0F6BMGSEF3YNAP5B,2020-01-05 20:05:22.1900439,SKS,SPFGA,80,Norinco,Was not on paper at all at 50m.  Need to rezero and/or move back to SKS stock.,2026-07-02 02:05:22.1909716+00:00,2026-07-02 02:05:22.1909735+00:00
335,01KWG95NWG4NCM6WF25BC1A943,2020-01-05 20:05:22.1912189,G41,"",0,"",Cleaning,2026-07-02 02:05:22.1928515+00:00,2026-07-02 02:05:22.1928536+00:00
336,01KWG95NWJ37XA45H15KMHMPHH,2020-01-05 20:05:22.1931145,SKS,"",0,"",Cleaning,2026-07-02 02:05:22.1941232+00:00,2026-07-02 02:05:22.1941252+00:00
337,01KWG95NWK7X57JD5QF8H6DHWP,2020-01-07 20:05:22.1944243,G41,Phoenix,50,"230gr Campro, 4.5gr HP-38",Dot Torture. Scored 39/50 at 4 yards. Weak hand shooting very bad.,2026-07-02 02:05:22.1957744+00:00,2026-07-02 02:05:22.1957764+00:00
338,01KWG95NWNH7355GBC6PHCH9SN,2020-01-07 20:05:22.1960429,G41,Phoenix,45,"230gr Campro, 4.2gr Bullsey",Dot Torture. Scored 42/50 at 3 yards.  Weak hand shooting very bad. Bullseye seemed to work better than HP-38.,2026-07-02 02:05:22.1977505+00:00,2026-07-02 02:05:22.1977526+00:00
339,01KWG95NWQD09D28KTNK2VXD8Z,2020-02-02 20:05:22.1980995,G41,Phoenix,100,"230gr Campro, 4.5gr HP-38",Dot Torture.,2026-07-02 02:05:22.1994632+00:00,2026-07-02 02:05:22.1994653+00:00
340,01KWG95NWSM7DMPBDAHFKFRGCP,2020-02-02 20:05:22.1997338,G17,Phoenix,150,124gr CamPro; 4.5gr HP-38,"Dot Torture x2, trying to shoot 4"""" groups at 55' (18 yards)",2026-07-02 02:05:22.2010639+00:00,2026-07-02 02:05:22.2010669+00:00
341,01KWG95NWVZ6H6RX3XK7NJ2VXK,2020-02-09 20:05:22.2013968,G41,Phoenix,88,"230gr CampPro, 6.1gr 800X","Dot Torture x1, shooting 4"""" group at 10 yards",2026-07-02 02:05:22.2034252+00:00,2026-07-02 02:05:22.2034283+00:00
342,01KWG95NWXK1K6NXY0MKPK4NFC,2020-02-09 20:05:22.203871,G41,Phoenix,50,230gr CamPro 4.2gr Bullseye,Dot Torture x1,2026-07-02 02:05:22.2057379+00:00,2026-07-02 02:05:22.2057408+00:00
343,01KWG95NWYG1JBZ19XPDDBECQF,2020-02-23 20:05:22.2060447,RPRimfire,Phoenix,100,"Federal 36gr HP ""Black Pack""","",2026-07-02 02:05:22.2069318+00:00,2026-07-02 02:05:22.2069335+00:00
344,01KWG95NX0X1EXRGA1S0XNFF48,2020-02-23 20:05:22.2071989,RPRimfire,Phoenix,90,Winchester M22,"",2026-07-02 02:05:22.208142+00:00,2026-07-02 02:05:22.2081437+00:00
345,01KWG95NX12DKEGN6F7EP3496R,2020-02-24 20:05:22.2083776,RPRimfire,Phoenix,50,Winchester M22,"",2026-07-02 02:05:22.2092511+00:00,2026-07-02 02:05:22.2092528+00:00
346,01KWG95NX2W39YQBWVHXC8W01H,2020-02-24 20:05:22.2095048,RPRimfire,Phoenix,40,Sterling Cross,"",2026-07-02 02:05:22.2106963+00:00,2026-07-02 02:05:22.210698+00:00
347,01KWG95NX3QCDK0196KPZ2WS9C,2020-02-24 20:05:22.2110334,RPRimfire,"",0,"",Cleaning the bore and chamber. Adjusted the LOP to be a bit shorter.,2026-07-02 02:05:22.2119892+00:00,2026-07-02 02:05:22.211991+00:00
348,01KWG95NX5KRA9XZVY02ZKB2R5,2020-03-05 20:05:22.212224,RPRimfire,Phoenix,10,Winchester M22,About 8 failure to extract,2026-07-02 02:05:22.2131816+00:00,2026-07-02 02:05:22.2131832+00:00
349,01KWG95NX6KJCH89J69R17D9YK,2020-03-05 20:05:22.2134301,RPRimfire,Phoenix,50,Winchester M22,"Could fire 10 rounds (2rnd at 5 targets) in about 52 seconds. About 1/2 the groups hit high, but grouped well.",2026-07-02 02:05:22.2147039+00:00,2026-07-02 02:05:22.2147061+00:00
350,01KWG95NX85EGRP19VWB9RX2YQ,2020-03-14 20:05:22.2149633,RPRimfire,SPFGA,55,"Federal 36gr HP ""Black Pack""",Zero'd the scope & dials for 50m.  Temp was -12. Started using the chamber brush as a chamber flag.,2026-07-02 02:05:22.216185+00:00,2026-07-02 02:05:22.2161877+00:00
351,01KWG95NX9XS70G57927JZ59WT,2020-03-19 20:05:22.216479,SKS,SPFGA,60,Milsurp,Zero'd the TRS-25 for 100m after putting in a wood stock,2026-07-02 02:05:22.2175313+00:00,2026-07-02 02:05:22.217533+00:00
352,01KWG95NXBYFFH982B9CSCDDEE,2020-03-19 20:05:22.2177881,RPRimfire,SPFGA,40,"Federal 36gr HP ""Black Pack""","Shot at 100m. +5.75 MOA, or hold at the 6MOA hash",2026-07-02 02:05:22.2191646+00:00,2026-07-02 02:05:22.2191667+00:00
353,01KWG95NXC6R078ZF745R15TCV,2020-03-20 20:05:22.2194097,SKS,SPFGA,50,Milsurp,Had to re-zero after moving the TRS-25 back a bit. It was too far forward and could not disassemble the gas assembly.,2026-07-02 02:05:22.220687+00:00,2026-07-02 02:05:22.2206894+00:00
354,01KWG95NXEPA1N95E6PZV3B3BC,2020-03-20 20:05:22.2209764,RPRimfire,SPFGA,100,Sterling Cross,Shooting at 100m.  +8.25MOA.  Needed about -2MOA wind.  Blowing left to right; could feel the gusts on the face.,2026-07-02 02:05:22.2220733+00:00,2026-07-02 02:05:22.2220751+00:00
355,01KWG95NXFDCPYEXPR5ZWEKEQH,2020-03-23 20:05:22.2223135,Israeli 98k,SPFGA,50,Barnes 180gr TSX handloads,OCW testing with Barnes 180gr TSX.  45.0 gr seemed to work best.  Zero'd scope for this load.,2026-07-02 02:05:22.2230573+00:00,2026-07-02 02:05:22.223059+00:00
356,01KWG95NXG0DB083M0G6B1G49K,2020-05-20 20:05:22.2232803,RPRimfire,SPFGA,80,Sterling Cross,"Zeroed for 50m.  +1MOA/-1MOA on the scope.  Shot at 100m, and had +8.25MOA/-1.0MOA on the scope.  Best group at 100 was 3 shots, just over 1"""" in size.",2026-07-02 02:05:22.2247245+00:00,2026-07-02 02:05:22.2247263+00:00
357,01KWG95NXJA6W301S8DKWJTX6Z,2020-05-23 20:05:22.2249992,RPRimfire,SPFGA,100,Sterling Cross,"Shooting at 100m.  +8MOA.  Heavy wind, from 0MOA to +4MOA.  +5 C",2026-07-02 02:05:22.2261526+00:00,2026-07-02 02:05:22.2261544+00:00
358,01KWG95NXJA6W301S8DKWJTX77,2020-05-28 20:05:22.2264119,GSG STG-44,SPFGA,100,Winchester M22,Zeroing the Bushnell 2-7,2026-07-02 02:05:22.2269371+00:00,2026-07-02 02:05:22.2269387+00:00
359,01KWG95NXKWY1A9QN6RBGZWC7V,2020-05-28 20:05:22.2271663,GSG STG-44,SPFGA,45,"Federal 36gr HP ""Black Pack""",Zeroing the Bushnell 2-7,2026-07-02 02:05:22.2277021+00:00,2026-07-02 02:05:22.2277037+00:00
360,01KWG95NXNGERKNN4CRYKW0NAV,2020-05-30 20:05:22.2279155,RPRimfire,SPFGA,45,Sterling Cross,ORPS,2026-07-02 02:05:22.2294478+00:00,2026-07-02 02:05:22.2294496+00:00
361,01KWG95NXP55Z5V82H61S48EWB,2020-06-08 20:05:22.2297379,RPRimfire,SPFGA,60,Sterling Cross,Shooting at 200m.  Group size 1.5MOA.  Shooting at 100M was +7 MOA/-1MOA,2026-07-02 02:05:22.2309737+00:00,2026-07-02 02:05:22.2309755+00:00
362,01KWG95NXQDW35CZD0NF9Z9PQR,2020-06-08 20:05:22.2313349,GSG STG-44,SPFGA,70,"Federal 36gr HP ""Black Pack""",Shooting at 200m was horrible.  Shooting at 100m was bad.  Need to try different ammo.,2026-07-02 02:05:22.2319238+00:00,2026-07-02 02:05:22.2319256+00:00
363,01KWG95NXTMQZKMNC3V9QZDBXG,2020-06-11 20:05:22.2322241,RPRimfire,"",0,"",Cleaning the bore and chamber. ,2026-07-02 02:05:22.234433+00:00,2026-07-02 02:05:22.234437+00:00
364,01KWG95NXVDVES36FYWS08WS90,2020-06-11 20:05:22.234777,GSG STG-44,"",0,"",Cleaning,2026-07-02 02:05:22.2354829+00:00,2026-07-02 02:05:22.2354853+00:00
365,01KWG95NXWKW1E2ESKCMXY1BQA,2020-06-12 20:05:22.235827,G17,CHAS,90,"121gr & 124gr Campro, 4.5gr HP-38",3-gun,2026-07-02 02:05:22.23673+00:00,2026-07-02 02:05:22.2367319+00:00
366,01KWG95NXXWXBNW1CHVT00G7EF,2020-06-12 20:05:22.2371271,GSG STG-44,CHAS,100,"Federal 36gr HP ""Black Pack""",3-gun,2026-07-02 02:05:22.2378332+00:00,2026-07-02 02:05:22.237835+00:00
367,01KWG95NXY5MKDK3K3YPG1BVS5,2020-06-12 20:05:22.2381611,Winchester SXP,CHAS,90,Challenger #7.5,3-gun,2026-07-02 02:05:22.2386265+00:00,2026-07-02 02:05:22.2386282+00:00
368,01KWG95NY096HHPGS1AWK83SG0,2020-07-01 20:05:22.2388718,G41,Phoenix,200,"230gr Campro, 4.5gr HP-38",Shooting at 7m.  Draw from holster.  Single & double taps. Lots of rounds that didn't properly cycle,2026-07-02 02:05:22.2406312+00:00,2026-07-02 02:05:22.2406331+00:00
369,01KWG95NY2YRGHZDRK2P4QQ93V,2020-06-23 20:05:22.240912,Remington 597,"",0,"",Mounted the scope.,2026-07-02 02:05:22.2422204+00:00,2026-07-02 02:05:22.2422222+00:00
370,01KWG95NY412NTSN8PS0391M8J,2020-07-18 20:05:22.2425158,Remington 597,CHAS,80,"Federal 36gr HP ""Black Pack""",Getting a rough zero at 50m,2026-07-02 02:05:22.2442631+00:00,2026-07-02 02:05:22.2442652+00:00
371,01KWG95NY5F0PW5E0BX8PBHFGD,2020-07-25 20:05:22.24456,RPRimfire,SPFGA,40,Sterling Cross,Just having fun at 50m.  Need to hold left 2MOA with wind?,2026-07-02 02:05:22.2458482+00:00,2026-07-02 02:05:22.24585+00:00
372,01KWG95NY7P5SF08WGD5QX5W87,2020-07-25 20:05:22.2461098,G41,SPFGA,20,"230gr CamPro, 6.1gr 800x",Labradar (velocity data),2026-07-02 02:05:22.2478164+00:00,2026-07-02 02:05:22.2478186+00:00
373,01KWG95NY9F86YDQDJP3QS6E2V,2020-07-25 20:05:22.2481374,G41,SPFGA,20,"230gr CampPro, 4.5gr HP-38",Labradar (velocity data),2026-07-02 02:05:22.2498672+00:00,2026-07-02 02:05:22.2498707+00:00
374,01KWG95NYB6WX9V9R9A2MHZQHD,2020-07-25 20:05:22.250303,G17,SPFGA,20,124gr CamPro; 4.5gr HP-38,Labradar (velocity data),2026-07-02 02:05:22.2517563+00:00,2026-07-02 02:05:22.2517593+00:00
375,01KWG95NYDKK9NN46HYENYS2JX,2020-07-25 20:05:22.2520733,G41,SPFGA,50,"230gr CampPro, 4.5gr HP-38",MP Garnett Genuis,2026-07-02 02:05:22.2535699+00:00,2026-07-02 02:05:22.2535718+00:00
376,01KWG95NYF0Q4SKQGG4MFJPQ4M,2020-07-25 20:05:22.2538204,G17,SPFGA,60,124gr CamPro; 4.5gr HP-38,MP Garnett Genuis,2026-07-02 02:05:22.2550226+00:00,2026-07-02 02:05:22.2550249+00:00
377,01KWG95NYG6VFZ1KV8MH986BNP,2020-07-25 20:05:22.255321,Israeli 98k,SPFGA,9,"180gr Barnes TSX, 45gr IMR 4895","Labradar Series 001, 2431fps",2026-07-02 02:05:22.2561014+00:00,2026-07-02 02:05:22.2561032+00:00
378,01KWG95NYH4KAKVZMJQ47EA3B4,2020-07-30 20:05:22.2563456,RPRimfire,SPFGA,25,Aguila 38gr Super Extra HP,"Labrader, 1199 fps avg",2026-07-02 02:05:22.2577723+00:00,2026-07-02 02:05:22.2577743+00:00
379,01KWG95NYKHK4GV6ZAXJWS5QW2,2020-07-30 20:05:22.2580583,RPRimfire,SPFGA,20,"Federal 36gr HP ""Black Pack""","Labradar, 1337 fps ",2026-07-02 02:05:22.2597299+00:00,2026-07-02 02:05:22.2597322+00:00
380,01KWG95NYNEGC7A8FQCFRN7FVW,2020-07-30 20:05:22.2599809,RPRimfire,SPFGA,45,Sterling Cross,"Labrader, 1116 fps",2026-07-02 02:05:22.2613283+00:00,2026-07-02 02:05:22.2613302+00:00
381,01KWG95NYQ3QS4777S7170V3QD,2020-08-06 20:05:22.2615843,G41,SPFGA,40,Federal 230gr Factory,"Labradar Series 009, 750fps",2026-07-02 02:05:22.2633869+00:00,2026-07-02 02:05:22.2633891+00:00
382,01KWG95NYTXS557HSDFQBAPX0N,2020-08-06 20:05:22.2636532,G41,SPFGA,20,"230gr Campro, 4.2gr Bullseye","Labradar Series 010, 636fps",2026-07-02 02:05:22.2665199+00:00,2026-07-02 02:05:22.266527+00:00
383,01KWG95NYXR64N7W6HBXW3PX4J,2020-08-06 20:05:22.2670669,G41,SPFGA,90,Assorted,Zeroing the Vortex Venom 3MOA. Shooting at 25/15/7 to get a feel for it.,2026-07-02 02:05:22.2692471+00:00,2026-07-02 02:05:22.2692505+00:00
384,01KWG95NYYP4TDD40GXTYCZ00S,2020-08-06 20:05:22.2695658,G17,SPFGA,130,"121gr & 124gr Campro, 4.5gr HP-38","Labradar Series 011, 1026fps",2026-07-02 02:05:22.270556+00:00,2026-07-02 02:05:22.2705579+00:00
385,01KWG95NZ0NBW0JPQGRHFCR8K6,2020-08-06 20:05:22.2708509,Remington 597,SPFGA,80,"Federal 36gr HP ""Black Pack""",Zeroing the scope.,2026-07-02 02:05:22.272361+00:00,2026-07-02 02:05:22.2723628+00:00
386,01KWG95NZ2ZVF6GTS4X3972G40,2020-08-06 20:05:22.2727047,RPRimfire,SPFGA,25,Sterling Cross,Labradar Series 012.  1115fps,2026-07-02 02:05:22.274538+00:00,2026-07-02 02:05:22.2745404+00:00
387,01KWG95NZ44A5CX61EFVEQW7TD,2020-08-06 20:05:22.27486,RPRimfire,SPFGA,31,"Federal 36gr HP ""Black Pack""","Labradar Series 013, 1305fps",2026-07-02 02:05:22.2766332+00:00,2026-07-02 02:05:22.2766357+00:00
388,01KWG95NZ65EHEWWREX0J81HJH,2020-08-08 20:05:22.2769152,RPRimfire,SPFGA,20,Aguila 38gr Super Extra HP,"Labradar Series 014, 1172fps",2026-07-02 02:05:22.2784134+00:00,2026-07-02 02:05:22.2784152+00:00
389,01KWG95NZ8458WRVT1E94D4M9Y,2020-08-14 20:05:22.2786879,G41,Phoenix,80,"230gr Campro, 6.1gr 800-X",7 yards.  Draw and shoot 1 or 2 rounds with the new RDS,2026-07-02 02:05:22.2809925+00:00,2026-07-02 02:05:22.2809955+00:00
390,01KWG95NZB7VRCB5X144M89ZHM,2020-08-14 20:05:22.2813267,G41,Phoenix,31,"230gr Campro, I think 4.2gr of Bullseye",7 yards.  Draw and shoot 1 or 2 rounds with the new RDS,2026-07-02 02:05:22.2837322+00:00,2026-07-02 02:05:22.2837364+00:00
391,01KWG95NZE0T0WHRP7J4N1C55A,2020-08-16 20:05:22.2841362,G41,SPFGA,100,230gr Campro.  4.5gr Bullseye,7 yards.  Draw and shoot 1 or 2 rounds.  I seem to always hit low? Labradar Series 015.  705fps.,2026-07-02 02:05:22.2863121+00:00,2026-07-02 02:05:22.2863154+00:00
392,01KWG95NZFV03WFCRZZGDH6RA2,2020-08-28 20:05:22.2866738,G17,CHAS,170,"121gr & 124gr Campro, 4.5gr HP-38",Team building w/Stephen & Jay,2026-07-02 02:05:22.2876968+00:00,2026-07-02 02:05:22.2876989+00:00
393,01KWG95NZGWF2BKAW8VWJBJ31P,2020-08-28 20:05:22.2879873,M96,CHAS,18,"107gr SMK, ?? Powder",Just plinking at 100 & 200,2026-07-02 02:05:22.2885818+00:00,2026-07-02 02:05:22.2885835+00:00
394,01KWG95NZHPAEY2J9KN501XCM5,2020-08-28 20:05:22.2888946,Israeli 98k,CHAS,45,"150gr  Hornady & Speer Soft point, 47gr IMR-4895","With the 180gr zero, needed to come up 3MOA.  I think I was getting hits out to 400",2026-07-02 02:05:22.2897348+00:00,2026-07-02 02:05:22.2897366+00:00
395,01KWG95NZJQT2CMKCR5BT30QC3,2020-08-29 20:05:22.2900414,Israeli 98k,SPFGA,4,"150gr  Hornady & Speer Soft point, 47gr IMR-4895","Tried to get the MV, but had the Labradar misconfigured.",2026-07-02 02:05:22.2909152+00:00,2026-07-02 02:05:22.2909168+00:00
396,01KWG95NZMXMSY229RBJKK1CGT,2020-08-29 20:05:22.2911824,M96,SPFGA,5,"",Labradar Series,2026-07-02 02:05:22.2921272+00:00,2026-07-02 02:05:22.292129+00:00
397,01KWG95NZNM1HVMRDF3HH22KMF,2020-08-29 20:05:22.2923691,M96,SPFGA,5,"",Labradar Series,2026-07-02 02:05:22.2930277+00:00,2026-07-02 02:05:22.2930294+00:00
398,01KWG95NZNM1HVMRDF3HH22KMQ,2020-08-29 20:05:22.2932603,M96,SPFGA,5,"",Labradar Series,2026-07-02 02:05:22.2939247+00:00,2026-07-02 02:05:22.2939264+00:00
399,01KWG95NZQ67ZZ6J8W1NZ6JESV,2020-08-29 20:05:22.2941487,Israeli 98k,SPFGA,5,170gr Federal,"",2026-07-02 02:05:22.2950141+00:00,2026-07-02 02:05:22.2950159+00:00
400,01KWG95NZYHD8D4AYE87ZFJWBE,2020-09-05 20:05:22.2952778,RPRimfire,SPFGA,124,Sterling Cross,CRPS Match #9.  Kestrel was pretty accurate.  I made some pretty boneheaded mistakes though.,2026-07-02 02:05:22.3020276+00:00,2026-07-02 02:05:22.3020328+00:00
401,01KWG95NZZWRFKM1RAVM3HHRMD,2020-09-06 20:05:22.3024695,GSG STG-44,SPFGA,200,Aguila,Rimfire Raceguns. Not the sport for a 2x magnified optic.,2026-07-02 02:05:22.3033792+00:00,2026-07-02 02:05:22.3033816+00:00
402,01KWG95P00P215RV7TGYPH3ZAC,2020-09-17 20:05:22.303678,G17,SPFGA,225,"121gr & 124gr Campro, 4.5gr HP-38",Braeden shooting,2026-07-02 02:05:22.3049859+00:00,2026-07-02 02:05:22.3049889+00:00
403,01KWG95P026C6XWEQ1HV3EFP30,2020-09-17 20:05:22.3053323,SKS,SPFGA,65,Norinco ammo,Shooting at 50m with Braeden.,2026-07-02 02:05:22.3069665+00:00,2026-07-02 02:05:22.3069689+00:00
404,01KWG95P05EYCKGB8Q4K5GDBJJ,2020-09-21 20:05:22.3073284,G17,SPFGA,225,"121gr & 124gr Campro, 4.5gr HP-38",Braeden shooting,2026-07-02 02:05:22.3091072+00:00,2026-07-02 02:05:22.3091098+00:00
405,01KWG95P076E8FFKHCCC8MC40Y,2020-09-21 20:05:22.3093853,G41,SPFGA,150,230gr Campro.  4.5gr Bullseye,Seemed that every round needed to be manually cycled.,2026-07-02 02:05:22.3115089+00:00,2026-07-02 02:05:22.3115113+00:00
406,01KWG95P08DDBP1E3NRZMWCC3R,2020-10-25 20:05:22.3120306,Grey Birch 10/22,Phoenix,40,Sterling Cross,Zeroing the scope.,2026-07-02 02:05:22.3125581+00:00,2026-07-02 02:05:22.3126099+00:00
407,01KWG95P097GN4CVQDS9D0CA58,2020-10-29 20:05:22.3130033,Grey Birch 10/22,Phoenix,20,Aguila,Was shooting fast. I think this ammo has promise,2026-07-02 02:05:22.3134585+00:00,2026-07-02 02:05:22.3134605+00:00
408,01KWG95P0AYQ9DKTJJG65XN1FC,2020-10-29 20:05:22.3136873,Grey Birch 10/22,Phoenix,100,Sterling Cross,"",2026-07-02 02:05:22.3140652+00:00,2026-07-02 02:05:22.314067+00:00
409,01KWG95P0AYQ9DKTJJG65XN1FK,2020-10-29 20:05:22.3143054,Grey Birch 10/22,Phoenix,60,"Federal 36gr HP ""Black Pack""","",2026-07-02 02:05:22.3146783+00:00,2026-07-02 02:05:22.3146802+00:00
410,01KWG95P0BDG5Z7JEN4HNBPJCA,2020-11-19 20:05:22.3148976,Grey Birch 10/22,Phoenix,100,"Federal 36gr HP ""Black Pack""",-2.25 MOA/0 MOA.  Not bad groups.  ,2026-07-02 02:05:22.3153451+00:00,2026-07-02 02:05:22.3153471+00:00
411,01KWG95P0CV24N2TXJ0H5BS6G4,2020-11-19 20:05:22.3155671,Grey Birch 10/22,Phoenix,49,Aguila,-2.25 MOA/0 MOA.  Grouped the worse,2026-07-02 02:05:22.3160131+00:00,2026-07-02 02:05:22.3160151+00:00
412,01KWG95P0CV24N2TXJ0H5BS6GC,2020-11-19 20:05:22.3163061,Grey Birch 10/22,Phoenix,60,Sterling Cross,-1.5MOA/-0.25MOA.  Seemed to have good groups.  10 rounds and everything is in a 1.5MOA circle.,2026-07-02 02:05:22.3168323+00:00,2026-07-02 02:05:22.3168343+00:00
413,01KWG95P0EWS1G2AP6DAZAFTWR,2020-11-28 20:05:22.3170799,Israeli 98k,SPFGA,24,"180gr Nosler Ballistic Tip, 45.0gr IMR 4895, 3.850""""","-2.5C, 65% humidity, 705m",2026-07-02 02:05:22.318743+00:00,2026-07-02 02:05:22.3187464+00:00
414,01KWG95P0G27P6NMY4NA0TQ9SM,2020-11-28 20:05:22.3190121,Israeli 98k,SPFGA,12,"180gr Barnes TSX, 45.0gr IMR 4895","",2026-07-02 02:05:22.3202212+00:00,2026-07-02 02:05:22.3202233+00:00
415,01KWG95P0HKHWTSGNQW8T19TQZ,2020-11-28 20:05:22.3204956,Israeli 98k,SPFGA,9,"170gr Hornandy RN, 46.8gr IMR 4895",Pressure signs - primer's backed out a bit.,2026-07-02 02:05:22.321639+00:00,2026-07-02 02:05:22.3216411+00:00
416,01KWG95P0K9F87FJ5YQGNTFHGX,2020-11-28 20:05:22.3218807,Israeli 98k,SPFGA,21,"170gr CIL, 46.8gr IMR 4895","",2026-07-02 02:05:22.323041+00:00,2026-07-02 02:05:22.323043+00:00
417,01KWG95P0MAZN40XHXBKKAPGZ7,2020-12-06 20:05:22.3233112,M96,SPFGA,30,"140gr, ~35.0gr IMR 4895",Shooting to zero the Bushnell Elite 10x,2026-07-02 02:05:22.3241215+00:00,2026-07-02 02:05:22.3241233+00:00
418,01KWG95P0MAZN40XHXBKKAPGZF,2020-12-09 20:05:22.32438,Grey Birch 10/22,Phoenix,150,Peter's .22LR,"Got good groups.  Something happened to the rifle, lost all zero at about 140 rounds. -1.5MOA/+0.75MOA @ 40 yards",2026-07-02 02:05:22.3249451+00:00,2026-07-02 02:05:22.3249471+00:00
419,01KWG95P0PRHM64QQRXBX9W58R,2020-12-09 20:05:22.3252032,Grey Birch 10/22,Phoenix,15,Sterling Cross,Switch ammo to try and isolate the problem.  Zero is still lost; must be a mechanical failure?,2026-07-02 02:05:22.326396+00:00,2026-07-02 02:05:22.3263994+00:00
420,01KWG95P0QHETVXEJ94YVG6E3S,2020-12-09 20:05:22.3267684,Grey Birch 10/22,"",0,"","Cleaning.  Disassembled rifle, remove barrel. WipeOut down the barrel",2026-07-02 02:05:22.3278242+00:00,2026-07-02 02:05:22.3278273+00:00
421,01KWG95P0SXMT0YN3NMGJYPVK2,2020-12-20 20:05:22.328201,Grey Birch 10/22,SPFGA,100,Aguila,Zeroed for 50m.  Seemed to be getting good groups.  Very high winds (forgot my Kestrel).,2026-07-02 02:05:22.3295983+00:00,2026-07-02 02:05:22.3296056+00:00
422,01KWG95P0VTDNJC3KR5KC90VGA,2020-12-20 20:05:22.3301304,Grey Birch 10/22,SPFGA,40,Sterling Cross,Adjusted again for 50.  Good groups as well (considering the wind).,2026-07-02 02:05:22.3311954+00:00,2026-07-02 02:05:22.3311984+00:00
423,01KWG95P0VTDNJC3KR5KC90VGK,2020-12-20 20:05:22.3314877,"MRA Renegade .223 16""",SPFGA,35,.223 Handloads: I think 55gr Lake City with 23.5gr of IMR-4895?,Zeroed at 50m.  Scope was way too low; need better rings,2026-07-02 02:05:22.3318628+00:00,2026-07-02 02:05:22.3318648+00:00
424,01KWG95P0WEXSQ6D12VQJCJSR9,2020-12-26 20:05:22.3321077,"MRA Renegade .223 16""",SPFGA,65,"55gr, 25.4gr H-4895","Put on the Vortex Strike Eagle, zeroed at 50m.  Seems to be a 2MOA shooter, easy",2026-07-02 02:05:22.332515+00:00,2026-07-02 02:05:22.3325174+00:00
425,01KWG95P0Z0V5YZFXD9KPSBD5K,2020-12-26 20:05:22.3328694,Remington 597,SPFGA,30,Peter's .22LR,Shooting at 25 & 50m.  The begging job is too tight?  Mags are stiff to insert/pull out.,2026-07-02 02:05:22.3353323+00:00,2026-07-02 02:05:22.3353367+00:00
426,01KWG95P10NZQ0A5AHQVRDCKR2,2020-12-26 20:05:22.3356492,GSG STG-44,SPFGA,100,All sorts; mixed bag of left over .22LR,Zeroing the Bushnell TRS-25 for 50m.,2026-07-02 02:05:22.3365154+00:00,2026-07-02 02:05:22.3365179+00:00
427,01KWG95P113D021WDY14V2XREH,2020-12-29 20:05:22.3367861,Grey Birch 10/22,CHAS,40,Peter's .22LR,"Got about 40 rounds through at 100m.  +3.75 MOA elevation, -3MOA wind with the Peters ammo.  After that, it would fire a round, cycle the action.  However the fresh round would not fire.  Had to drop the mag, recock the rifle (the fresh round still in the chamber) and then it would fire.",2026-07-02 02:05:22.3375242+00:00,2026-07-02 02:05:22.3375262+00:00
428,01KWG95P1304KKT3T16KVB5RJT,2020-12-29 20:05:22.3378454,Grey Birch 10/22,CHAS,30,Sterling Cross,"After that, it would fire a round, cycle the action.  However the fresh round would not fire.  Had to drop the mag, recock the rifle (the fresh round still in the chamber) and then it would fire.  Did this as well with the Sterling Cross ammo.",2026-07-02 02:05:22.3390111+00:00,2026-07-02 02:05:22.3390131+00:00
429,01KWG95P14YKECNWG270N1C9E7,2020-12-29 20:05:22.3393086,Grey Birch 10/22,"",0,"","Cleaned the rifle. Took it completely apart (barrel and all). Adjusted the scope dials to """"zero"""".",2026-07-02 02:05:22.3401796+00:00,2026-07-02 02:05:22.3401833+00:00
430,01KWG95P14YKECNWG270N1C9EF,2020-12-29 20:05:22.3404918,"MRA Renegade .223 16""",CHAS,70,"55gr, 25.4gr H-4895","First on 100 to check the zero.  Then moved to the Long Range.  200m was easy, pretty sure I was getting hits at 300m.  Couldn't tell with at 400m.",2026-07-02 02:05:22.3409127+00:00,2026-07-02 02:05:22.3409146+00:00
431,01KWG95P16NG1ASB0E5EA7R2X3,2020-12-29 20:05:22.3411697,Israeli 98k,CHAS,8,"180gr Barnes TSX, 45.0gr IMR 4895",The 170gr Hornady RN had feed issues; one got stuck in the chamber.,2026-07-02 02:05:22.3424971+00:00,2026-07-02 02:05:22.3424993+00:00
432,01KWG95P17YKBKKDNW4N13KHG3,2021-01-01 20:05:22.3427641,Grey Birch 10/22,SPFGA,100,"Federal 36gr HP ""Black Pack""",Scope was zeroed using Sterling Cross.  100m - +5.5MOA elevation.  50m -1MOA.   ,2026-07-02 02:05:22.3439184+00:00,2026-07-02 02:05:22.3439216+00:00
433,01KWG95P194ZQXDN293M3E84BP,2021-01-01 20:05:22.3442797,Grey Birch 10/22,SPFGA,91,Sterling Cross,Zeroed scope..  100m was +7.25MOA,2026-07-02 02:05:22.3451956+00:00,2026-07-02 02:05:22.3451983+00:00
434,01KWG95P1A7HPZVGC1790M2KXS,2021-01-04 20:05:22.345468,M96,SPFGA,31,"130gr Hornady ELD Match, ~ 36gr D-4895",Rezeroed the scope for this load @ 100m.  ,2026-07-02 02:05:22.3464216+00:00,2026-07-02 02:05:22.3464238+00:00
435,01KWG95P1BJYG6T9FBNSYZMQJA,2021-01-04 20:05:22.3466721,"MRA Renegade .223 16""",SPFGA,30,Norinco,Gathered velocity data mostly.  ,2026-07-02 02:05:22.3471402+00:00,2026-07-02 02:05:22.3471423+00:00
436,01KWG95P1BJYG6T9FBNSYZMQJJ,2021-01-04 20:05:22.3473879,"MRA Renegade .223 16""",SPFGA,40,"55gr, 25.4gr H-4895",Zeroed at 200m,2026-07-02 02:05:22.3478728+00:00,2026-07-02 02:05:22.3478748+00:00
437,01KWG95P1D5SHRAZVJCGHFR3JM,2021-01-10 20:05:22.3481312,Grey Birch 10/22,SPFGA,10,"Federal 36gr HP ""Black Pack""","-3C, consistent feed issues.   Was trying to gather velocities with the RAT, didn't work.",2026-07-02 02:05:22.3491424+00:00,2026-07-02 02:05:22.3491444+00:00
438,01KWG95P1D5SHRAZVJCGHFR3JW,2021-01-10 20:05:22.349426,"MRA Renegade .223 16""",SPFGA,10,"69gr SMK, 23.75gr D-4895",Good results? Small sample though.,2026-07-02 02:05:22.3499833+00:00,2026-07-02 02:05:22.3499855+00:00
439,01KWG95P1ECMG3Z6CXCK4ZXXRC,2021-01-10 20:05:22.3502563,"MRA Renegade .223 16""",SPFGA,40,"55gr, 24.8gr H-4895",Gathering velocities.  Mark trying out.,2026-07-02 02:05:22.3508405+00:00,2026-07-02 02:05:22.3508426+00:00
440,01KWG95P1GDMGBXCTE0WX44VBE,2021-01-10 20:05:22.3511281,M96,SPFGA,30,"Assorted 140gr, 35.0gr D-4895.","Gathering velocities. Hornady Interlock, SST, and HPBT stuff.",2026-07-02 02:05:22.3520822+00:00,2026-07-02 02:05:22.3520843+00:00
441,01KWG95P1H1R8VFA7BJQS5R4DY,2021-01-17 20:05:22.3524063,M96,SPFGA,37,OCW testing with IMR-4895,"Had +2 MOA on the turret.  Could come down 1MOA, then zero them.",2026-07-02 02:05:22.3538695+00:00,2026-07-02 02:05:22.3538717+00:00
442,01KWG95P1K8P8VC1H71SXX0975,2021-01-17 20:05:22.3541297,Grey Birch 10/22,SPFGA,10,Peter's .22LR,"Used +4MOA elevation. Was hitting ~ 1.25"""" right?""""",2026-07-02 02:05:22.3551615+00:00,2026-07-02 02:05:22.3551636+00:00
443,01KWG95P1M143NQWQ0ZR9YB9G2,2021-01-17 20:05:22.355436,Grey Birch 10/22,SPFGA,40,Sterling Cross,Was about +7 MOA elevation,2026-07-02 02:05:22.3564962+00:00,2026-07-02 02:05:22.3564982+00:00
444,01KWG95P1NDSMG2N6H74XPEWYN,2021-01-24 20:05:22.3567599,GSG STG-44,SPFGA,120,"Federal 36gr HP ""Black Pack""",.22LR Rimfire Raceguns stuff.   -20C.  Rifle worked fine.  Some feed issues that I think were magazine related,2026-07-02 02:05:22.3577373+00:00,2026-07-02 02:05:22.3577394+00:00
445,01KWG95P1PEHVSGMT8YKKG0X29,2021-01-24 20:05:22.3579838,"MRA Renegade .223 16""",SPFGA,30,??,Adriel demoing the MRA,2026-07-02 02:05:22.3588846+00:00,2026-07-02 02:05:22.3588873+00:00
446,01KWG95P1RFSP7B4ZPHP0GKQ3W,2021-01-30 20:05:22.3592098,Israeli 98k,SPFGA,46,"170gr Hornday RN & 170gr CIL Spitzer, 46.8gr D-4895",The Hornady RN is crap.  Does't group. It seems to hit 4.5 MOA high and 1.5MOA right.,2026-07-02 02:05:22.3607515+00:00,2026-07-02 02:05:22.3607541+00:00
447,01KWG95P1TK2XCBBD69PA7VWA2,2021-02-28 20:05:22.3610648,Israeli 98k,SPFGA,15,170gr CIL Spitzer & 180 Barnes TSX,Gathering some velocity.  -6C,2026-07-02 02:05:22.3627993+00:00,2026-07-02 02:05:22.362802+00:00
448,01KWG95P1WKFTBF8FSK022CMQC,2021-02-28 20:05:22.3631121,Remington 597,SPFGA,75,"Federal 36gr HP ""Black Pack""",Trying to zero. Lots of light strikes.,2026-07-02 02:05:22.3649301+00:00,2026-07-02 02:05:22.3649322+00:00
449,01KWG95P1YNVQ0XN1MS2N7GF9J,2021-03-07 20:05:22.3652248,Grey Birch 10/22,SPFGA,100,"Federal 36gr HP ""Black Pack""","Zero'd for 50m.  The bolt catch kept engaging the bolt, so this was more like a straight pull .22LR.  Good accuracy, around 0.5"""" at 50m",2026-07-02 02:05:22.3662647+00:00,2026-07-02 02:05:22.3662669+00:00
450,01KWG95P1Z99K4VE03N76J3S1S,2021-03-13 20:05:22.3665454,Grey Birch 10/22,SPFGA,60,"Federal 36gr HP ""Black Pack""",First try of the KIDD trigger.  Nice.  Groups seemed better.,2026-07-02 02:05:22.367992+00:00,2026-07-02 02:05:22.3679947+00:00
451,01KWG95P22WDMA9FTS6FVKZHK7,2021-03-13 20:05:22.3682742,Remington 597,SPFGA,70,"Federal 36gr HP ""Black Pack""","Replace the trigger spring with MCarbo.  Rezeroed, then noticed the scope mount was loose!  Have re-zero.  Labradar Series 36.   1218FPS?",2026-07-02 02:05:22.3701185+00:00,2026-07-02 02:05:22.370121+00:00
452,01KWG95P23GH72K0C7PWA2WE1Q,2021-03-19 20:05:22.3704556,Israeli 98k,SPFGA,38,180gr Barnes TSX,Trying to zero at 100m.  Rounds were all over the place.  Will move to a different stock to see if that is the problem.,2026-07-02 02:05:22.3718126+00:00,2026-07-02 02:05:22.3718147+00:00
453,01KWG95P24ENHZYHV4QYT1HV37,2021-03-20 20:05:22.3720671,"MRA Renegade .223 16""",CHAS,45,"55gr, 24.8gr H-4895",3-Gun. Ran fine.  Make sure that the mags are seated!,2026-07-02 02:05:22.3729988+00:00,2026-07-02 02:05:22.3730009+00:00
454,01KWG95P262N208RFMDS5EVJ1R,2021-03-20 20:05:22.3732728,CZ-85,CHAS,40,Remington 124gr,3-Gun. Went well.,2026-07-02 02:05:22.3742778+00:00,2026-07-02 02:05:22.3742805+00:00
455,01KWG95P276ANYBMWQ5H4N5KJF,2021-03-20 20:05:22.3747202,Winchester SXP,CHAS,35,Challenger #7.5,3-Gun. Went well.,2026-07-02 02:05:22.3757418+00:00,2026-07-02 02:05:22.3757451+00:00
456,01KWG95P2CCY0B8CG09QG6JC9M,2021-04-15 20:05:22.3761529,G41,SPFGA,31,Assorted 230gr CamPro.,SPFGA Fun Night.,2026-07-02 02:05:22.3800503+00:00,2026-07-02 02:05:22.3800551+00:00
457,01KWG95P2G2EXD037FFZD69H7T,2021-04-17 20:05:22.3804859,G41,CHAS,100,Assorted 230gr CamPro.,3-gun,2026-07-02 02:05:22.3842029+00:00,2026-07-02 02:05:22.3842076+00:00
458,01KWG95P2HE68H4K6DZEMRB0FV,2021-04-17 20:05:22.3847808,Winchester SXP,CHAS,50,Challenger #7.5,3-gun,2026-07-02 02:05:22.3858445+00:00,2026-07-02 02:05:22.3858485+00:00
459,01KWG95P2KV6WYH4KGAWQQXMWZ,2021-04-17 20:05:22.3862621,"MRA Renegade .223 16""",CHAS,60,55gr handloads,3-gun,2026-07-02 02:05:22.387623+00:00,2026-07-02 02:05:22.3876253+00:00
460,01KWG95P2M0GSJA14VMVKRZBJG,2021-04-19 20:05:22.3880182,GSG STG-44,SPFGA,185,"Federal 36gr HP ""Black Pack""","Still shooting about 1.5"""" @ 50m.  Could maybe come 1"""" right.",2026-07-02 02:05:22.3890044+00:00,2026-07-02 02:05:22.3890066+00:00
461,01KWG95P2PN0P4R8CGJAM1DR1C,2021-05-02 20:05:22.3893506,GSG STG-44,SPFGA,30,"Federal 36gr HP ""Black Pack""",Finished zeroing the Falke for 50m,2026-07-02 02:05:22.3904745+00:00,2026-07-02 02:05:22.390477+00:00
462,01KWG95P2QAT83GF4XC4BHWQBB,2021-05-02 20:05:22.3907399,Grey Birch 10/22,SPFGA,20,Sterling Cross,"50m, shooting about 3MOA low.  Optic was zeroed  using Federal Black Pack",2026-07-02 02:05:22.3918633+00:00,2026-07-02 02:05:22.3918656+00:00
463,01KWG95P2S5MJEHYBJ505967B1,2021-05-02 20:05:22.3921458,Grey Birch 10/22,SPFGA,20,CCI SV,"50m, shooting about 2~3MOA low.  Optic was zeroed  using Federal Black Pack",2026-07-02 02:05:22.3933222+00:00,2026-07-02 02:05:22.3933245+00:00
464,01KWG95P2TAWMB5XATCH94NAB6,2021-05-02 20:05:22.3936579,Grey Birch 10/22,SPFGA,60,"Federal 36gr HP ""Black Pack""",50m zero,2026-07-02 02:05:22.3949087+00:00,2026-07-02 02:05:22.3949109+00:00
465,01KWG95P2W5YXVWV7VQMZZFYTS,2021-05-04 20:05:22.395243,Grey Birch 10/22,SPFGA,100,"Federal 36gr HP ""Black Pack""",100m.  +6MOA/-.5MOA,2026-07-02 02:05:22.3968612+00:00,2026-07-02 02:05:22.396864+00:00
466,01KWG95P2YXVX46WWTHFF040E3,2021-05-04 20:05:22.3971374,GSG STG-44,SPFGA,55,"Federal 36gr HP ""Black Pack""","Shooting at 100m.  Tried to zero the optic for 100.  Come right ~ 2MOA, up ~ 4MOA?",2026-07-02 02:05:22.3982001+00:00,2026-07-02 02:05:22.3982136+00:00
467,01KWG95P2ZYBJFREEE7DX82SKH,2021-05-13 20:05:22.3984751,Grey Birch 10/22,SPFGA,200,"Federal 36gr HP ""Black Pack""","Trued MV @19C - 1250fps.  Shot 25m standing, could put almost all 10 rounds into 3"""" circle.",2026-07-02 02:05:22.3997391+00:00,2026-07-02 02:05:22.3997413+00:00
468,01KWG95P318A96CJTVXMNTP7C3,2021-05-24 20:05:22.4000397,Grey Birch 10/22,SPFGA,100,"Federal 36gr HP ""Black Pack""",Shooting at 100m. Dialled in 5.25. Bullseye app suggested +1MOA (6.25 MOA).  Kestrel said +5.75MOA.  Ended up holding using subtensions around 6MOA.,2026-07-02 02:05:22.4013388+00:00,2026-07-02 02:05:22.401341+00:00
469,01KWG95P331TSH73TBPNJD7X5Q,2021-05-24 20:05:22.4016192,Grey Birch 10/22,SPFGA,20,CCI SV,Shooting at 100m.  Needed +11.25MOA,2026-07-02 02:05:22.4034067+00:00,2026-07-02 02:05:22.4034095+00:00
470,01KWG95P37SZAEYR2FDV1ZKY8T,2021-06-05 20:05:22.4037656,G41,CHAS,180,230gr w/4.5gr HP-38,This load is too weak - it does not reliably cycle the action.  Some undeformed projectiles actually bounced back and hit me.,2026-07-02 02:05:22.4075403+00:00,2026-07-02 02:05:22.407547+00:00
471,01KWG95P3917HW6MD5G6A9V5ES,2021-06-05 20:05:22.4080354,GSG STG-44,CHAS,195,"Federal 36gr HP ""Black Pack""","Was shooting unsupported at the 100m steel. Could reliably get hits on the 16""""  places.  the 1/3 IPSC could be hit, but was harder.",2026-07-02 02:05:22.4091831+00:00,2026-07-02 02:05:22.4091857+00:00
472,01KWG95P3AZJBZZST3W5QNYBW2,2021-06-05 20:05:22.4095549,"MRA Renegade .223 16""",CHAS,50,Federal 55gr bulk,"Was shooting unsupported at the 100m steel. 6x was accurate,  At 3x - not so accurate.",2026-07-02 02:05:22.4102547+00:00,2026-07-02 02:05:22.4102566+00:00
473,01KWG95P3B1B4GMZ68H0N40SGF,2021-06-05 20:05:22.4106341,Winchester SXP,CHAS,225,Assorted target loads,Ladies Day @ CHAS.  Jennifer said that extraction was a problem.,2026-07-02 02:05:22.4113044+00:00,2026-07-02 02:05:22.4113065+00:00
474,01KWG95P3C82Y9TJNZ2GR6Y1T3,2021-06-07 20:05:22.4116215,Grey Birch 10/22,SPFGA,50,Eley Force,Gathering muzzle velocity.,2026-07-02 02:05:22.4129843+00:00,2026-07-02 02:05:22.4129864+00:00
475,01KWG95P3FZXK2FF6QN9DXKQPY,2021-06-07 20:05:22.4132946,Grey Birch 10/22,SPFGA,60,CCI SV,Gathering muzzle velocity. Shooting at 150m.  +21MOA,2026-07-02 02:05:22.4151086+00:00,2026-07-02 02:05:22.4151123+00:00
476,01KWG95P3H12NHVD7CSR5Q7SET,2021-06-07 20:05:22.4154692,Grey Birch 10/22,SPFGA,120,"Federal 36gr HP ""Black Pack""",Muzzle Velocity. Shooting at 150m.  +13.75MOA (approx).  Windage was around 1.5MOA right,2026-07-02 02:05:22.417106+00:00,2026-07-02 02:05:22.4171103+00:00
477,01KWG95P3KDMSWY5K3A290FM8V,2021-06-11 20:05:22.4175864,Grey Birch 10/22,SPFGA,50,"Federal 36gr HP ""Black Pack""",Shooting at 50m. 23C. -0.5MOA Elevation. Good groups (as good as the Sterling Cross).,2026-07-02 02:05:22.4193274+00:00,2026-07-02 02:05:22.4193358+00:00
478,01KWG95P3PX36NXJBGKH5F24P0,2021-06-11 20:05:22.4196935,Grey Birch 10/22,SPFGA,50,CCI SV,"Shooting at 50m. 23C. +2.5MOA Elevation. Kind of """"meh"""" groups.",2026-07-02 02:05:22.4221021+00:00,2026-07-02 02:05:22.4221071+00:00
479,01KWG95P3R1QWK5JKDRCVJC658,2021-06-11 20:05:22.4224803,Grey Birch 10/22,SPFGA,70,Sterling Cross,Shooting at 50m.  23C. +2.0MOA Elevation. Good groups (as good as the Federal 36gr),2026-07-02 02:05:22.4242542+00:00,2026-07-02 02:05:22.4242576+00:00
480,01KWG95P3T44D8BW3GDY2W9B4B,2021-06-11 20:05:22.4246115,Grey Birch 10/22,SPFGA,50,Peter's .22LR,Shooting at 50m. 23C. +1.0MOA/-1.0MOA. Not bad groups,2026-07-02 02:05:22.4267439+00:00,2026-07-02 02:05:22.426748+00:00
481,01KWG95P3W63ESE3M9BJ84C6ZJ,2021-06-14 20:05:22.4270767,Grey Birch 10/22,SPFGA,60,"Federal 36gr HP ""Black Pack""","Rimfire silhouettes.  I think I was getting hit about 35% of the time?  +6MOA at 100, about +2.5MOA at 77, 0 MOA at 60 & 40",2026-07-02 02:05:22.4288747+00:00,2026-07-02 02:05:22.4288771+00:00
482,01KWG95P3ZYFVB9M09KA93XBWB,2021-06-14 20:05:22.4292306,Grey Birch 10/22,SPFGA,20,"Federal 36gr HP ""Black Pack""","Rimfire silhouettes.  I think I was getting hit about 35% of the time?  +6MOA at 100, about +2.5MOA at 77, 0 MOA at 60 & 40",2026-07-02 02:05:22.4313998+00:00,2026-07-02 02:05:22.4314026+00:00
483,01KWG95P41HTQFV3Y3MJZXQ0J0,2021-06-28 20:05:22.4317295,Grey Birch 10/22,SPFGA,100,Sterling Cross,"RImfire silhouettes.  +6.5MOA@100m, +4MOA@77,+0.5MO@60, 0 MOA@ 40.  +32C.  ",2026-07-02 02:05:22.4336202+00:00,2026-07-02 02:05:22.4336233+00:00
484,01KWG95P44WGSJANFMR5NHJEM3,2021-06-28 20:05:22.4339638,Grey Birch 10/22,SPFGA,20,"Federal 36gr HP ""Black Pack""","RImfire silhouettes.  +6.5MOA@100m, +4MOA@77,+0.5MO@60, 0 MOA@ 40.  +32C.  ",2026-07-02 02:05:22.4365296+00:00,2026-07-02 02:05:22.4365327+00:00
485,01KWG95P483QD8T4KMKE8575B2,2021-07-14 20:05:22.4370681,Remington 597,SPFGA,130,CCI SV,Zeroing the Remington 597 @ 50m.,2026-07-02 02:05:22.4404775+00:00,2026-07-02 02:05:22.4404827+00:00
486,01KWG95P4C7YX8JXC98QBMHMMB,2021-07-14 20:05:22.4410831,Remington 597,SPFGA,25,"Federal 36gr HP ""Black Pack""",1285 fps.  +26C. The rifle was zerod for the CCI SV.  Need to compare how high the Federal 36gr hits.,2026-07-02 02:05:22.4446289+00:00,2026-07-02 02:05:22.4446339+00:00
487,01KWG95P4F38946RSG3PP9H486,2021-07-26 20:05:22.445008,Grey Birch 10/22,SPFGA,275,Sterling Cross,"25m. 22C. Needed +3.25MOA Elevation, +1MOA Wind.  Rapid MQT practice.  The scored target was 231.  Definate POI shift when I switched from the tri-mag to the single mags.",2026-07-02 02:05:22.447669+00:00,2026-07-02 02:05:22.4476815+00:00
488,01KWG95P4K470HEK8ZMVN55489,2021-08-02 20:05:22.4481337,Grey Birch 10/22,SPFGA,100,"Federal 36gr HP ""Black Pack""","RImfire silhouettes.  +6.5MOA@100m, +4MOA@77,+0.0MO@60, 0 MOA@ 40.  +2C.  ",2026-07-02 02:05:22.4514868+00:00,2026-07-02 02:05:22.4515065+00:00
489,01KWG95P4QGJ6MN1V3A9QD8ZE8,2021-08-05 20:05:22.4522349,Remington 597,CHAS,70,Peter's .22LR,"50m range with Donna.  Made adjustments to shoot at 50m.  +4MOA, IIRC",2026-07-02 02:05:22.4553131+00:00,2026-07-02 02:05:22.4553171+00:00
490,01KWG95P4S9QY3PR7DC7SN2H3V,2021-08-05 20:05:22.4557189,Israeli 98k,CHAS,30,"Assorted 125, 150, and 180gr",50m range with Donna.  Zeroed for 50m with the 150gr stuff.,2026-07-02 02:05:22.4572457+00:00,2026-07-02 02:05:22.4572479+00:00
491,01KWG95P4VYSE5VAEF04GD0RAE,2021-08-06 20:05:22.4575324,Israeli 98k,CHAS,33,"150gr SP, 47.0 gr IMR-4895",100m. Zeroed.  Series #43. This seemed to group well.,2026-07-02 02:05:22.4593526+00:00,2026-07-02 02:05:22.459355+00:00
492,01KWG95P4XPA2SR4SSVX2DQ2FN,2021-08-06 20:05:22.459613,Israeli 98k,CHAS,15,180gr Barnes TSX,100m. Series #44. Was hitting 4MOA left and about 2MOA low from the zero with the 150gr SP/47.0 gr IMR-4895,2026-07-02 02:05:22.4611353+00:00,2026-07-02 02:05:22.4611371+00:00
493,01KWG95P4YKV1TQ7C6RWRMNWCD,2021-08-11 20:05:22.4613875,M96,SPFGA,28,140g Hornady,100m. Series #45. Zeroed the Bushnell.  Groups between 1.0MOA and 1.5MOA.,2026-07-02 02:05:22.4624155+00:00,2026-07-02 02:05:22.4624172+00:00
494,01KWG95P51X1RVV1GN3B2GH3VT,2021-08-25 20:05:22.4627625,Grey Birch 10/22,SPFGA,29,Peter's .22LR,25m Mapleseed drills.  +0.75 MOA/ 0 MOA. Comparable to the Federal Black Pack 36gr HP,2026-07-02 02:05:22.4650662+00:00,2026-07-02 02:05:22.4650689+00:00
495,01KWG95P541KC1T1Z062F24HVX,2021-08-25 20:05:22.4653474,Grey Birch 10/22,SPFGA,30,CCI SV,25m Mapleseed drills.  +1.0 MOA/+1.0MOA.  Good groups,2026-07-02 02:05:22.4680783+00:00,2026-07-02 02:05:22.4680817+00:00
496,01KWG95P57CCSPKBJRFYQ75085,2021-08-25 20:05:22.4687746,Grey Birch 10/22,SPFGA,250,"Federal 36gr HP ""Black Pack""",25m Mapleseed drills.  +0.75 MOA/ 0 MOA,2026-07-02 02:05:22.4716112+00:00,2026-07-02 02:05:22.471615+00:00
497,01KWG95P5ADAFQ77BNMS6MF7AD,2021-08-28 20:05:22.4719471,Israeli 98k,Bonnyville,49,Assorted handloads,Was OCW testing IMR-4064 & 150gr Speers.  Poor results all around.  The 46.0gr loads were okay,2026-07-02 02:05:22.4740323+00:00,2026-07-02 02:05:22.4740353+00:00
498,01KWG95P5BKJQQ5SQW09NPM9EJ,2021-09-06 20:05:22.4743338,SKS,SPFGA,45,Romanian and Norinco,ShotMarker fun at 100m and 300m. It seems that the Romanian works best; 5MOA ~ 6MOA accuracy.,2026-07-02 02:05:22.4757458+00:00,2026-07-02 02:05:22.4757476+00:00
499,01KWG95P5CQM6BE6X5TVCSW8D3,2021-10-03 20:05:22.4760157,MRA Renegade 6.5 Grendel,SPFGA,13,Federal Fusion 120gr,"Put a rough zero 100m zero on. Zeroed at 50m, then dialed down 1.25MOA.",2026-07-02 02:05:22.4763872+00:00,2026-07-02 02:05:22.4763889+00:00
500,01KWG95P5CQM6BE6X5TVCSW8DB,2021-10-19 20:05:22.4766363,MRA Renegade 6.5 Grendel,SPFGA,7,Federal Fusion 120gr,Zeroed for 100m. +6C.  2500fps on the Labradar,2026-07-02 02:05:22.4770008+00:00,2026-07-02 02:05:22.4770026+00:00
501,01KWG95P5EVPZCD074DR5MRNWZ,2021-10-19 20:05:22.4772396,SKS,SPFGA,70,Romanian 7.62x39,Shooting at 100.  Adjusted the zero for 100m,2026-07-02 02:05:22.478693+00:00,2026-07-02 02:05:22.4786949+00:00
502,01KWG95P5G58G2WRMG8ZH6QWSV,2021-10-23 20:05:22.4789399,SKS,SPFGA,70,Romanian 7.62x39,"Just blasting at the 50m.  Seems to be about 3"""" ~ 4"""" high.",2026-07-02 02:05:22.4808148+00:00,2026-07-02 02:05:22.4808174+00:00
503,01KWG95P5KT78HM9MGE66235KA,2021-10-04 20:05:22.4810765,Remington 597,Drumheller,300,Unknown .22LR,Mapleseed loaner,2026-07-02 02:05:22.4838002+00:00,2026-07-02 02:05:22.4838047+00:00
504,01KWG95P5NKHPE6ACFVCR2JTF6,2021-10-29 20:05:22.4841778,M96,SPFGA,30,"140gr Hornady SST, D-4895 & OCW test",Seemed to like 37gr & 37.6gr,2026-07-02 02:05:22.4859281+00:00,2026-07-02 02:05:22.4859313+00:00
505,01KWG95P5QMP3C3FN98EKQE7NW,2021-10-29 20:05:22.4862283,M96,SPFGA,15,S&B 196gr ,Zered at 100m.  POI seemed to rise as the barrel got hot (?),2026-07-02 02:05:22.4874928+00:00,2026-07-02 02:05:22.4874948+00:00
506,01KWG95P5RQK7483N18TEMRD48,2021-10-29 20:05:22.4877538,MRA Renegade 6.5 Grendel,SPFGA,5,Federal Fusion 120gr,Sub MOA group.  BUT the Vortex scope seems to be off centre.,2026-07-02 02:05:22.4881735+00:00,2026-07-02 02:05:22.4881752+00:00
507,01KWG95P5RQK7483N18TEMRD4G,2021-10-31 20:05:22.4883923,MRA Renegade 6.5 Grendel,SPFGA,7,Federal Fusion 120gr,"Mounted the SWFA 6x scope,zeroing",2026-07-02 02:05:22.4888115+00:00,2026-07-02 02:05:22.488813+00:00
508,01KWG95P5S2MKDRTDBE5YEW2R1,2021-10-31 20:05:22.4890345,MRA Renegade 6.5 Grendel,SPFGA,20,"123gr Hornaday SST, 25.5gr D-4895",Zeroing @ 100.  Groups were about 2~3 MOA in size.,2026-07-02 02:05:22.4894917+00:00,2026-07-02 02:05:22.4894933+00:00
509,01KWG95P5TDZZRBSG130VHYE2R,2021-11-28 20:05:22.4897172,M96,SPFGA,40,142gr SMK.  OCW testing with D-4895,"",2026-07-02 02:05:22.4908281+00:00,2026-07-02 02:05:22.4908299+00:00
510,01KWG95P5VM3XZ8F84DPE0DX84,2021-12-12 20:05:22.4910753,MRA Renegade 6.5 Grendel,SPFGA,47,Assorted load testing with 123gr and 85gr,Rifle is basically zeroed for 123 gr.  The 85gr required a scope adjustment of down 2.25MOA.,2026-07-02 02:05:22.4915693+00:00,2026-07-02 02:05:22.4915708+00:00
511,01KWG95P5WT2TRY2CVD2H378KF,2022-01-27 20:05:22.4917835,MRA Renegade 6.5 Grendel,SPFGA,28,"123gr Hornady SST, BL-C(2)",OCW. Plateau around 29.3gr.  29.1gr had the best group,2026-07-02 02:05:22.4923204+00:00,2026-07-02 02:05:22.492322+00:00
512,01KWG95P5XWNYYTMYZB5C13FCN,2022-01-27 20:05:22.4926654,MRA Renegade 6.5 Grendel,SPFGA,5,123gr Hornady Black,Velocity testing. 2541 fps. MR: 1MOA.  Group size 2MOA,2026-07-02 02:05:22.4933007+00:00,2026-07-02 02:05:22.4933023+00:00
513,01KWG95P5YE24QZS6WKA5NNAGH,2022-01-27 20:05:22.4935447,M96,SPFGA,20,142gr SMK; 37.6gr D-4895,Looking at the velocities with OAL testing.,2026-07-02 02:05:22.4947326+00:00,2026-07-02 02:05:22.4947343+00:00
514,01KWG95P62PMT21H8E7TV51R1N,2022-01-31 20:05:22.4949773,G41,Wild West,110,230gr CamPro; 4.5gr Bullseye,Rezeroed RDS to 10y,2026-07-02 02:05:22.4981418+00:00,2026-07-02 02:05:22.4981446+00:00
515,01KWG95P64517BCBJZZHZK95E8,2022-02-06 20:05:22.4984166,M96,SPFGA,6,"142gr SMK; 37.6gr D-4895; 2.640"""" CBT",Calibrating the ShotMaker. 2.640CBTO was jam length.  Some rounds were hard to chamber.,2026-07-02 02:05:22.5003833+00:00,2026-07-02 02:05:22.500387+00:00
516,01KWG95P67H0RRQ36DJBEY3SCH,2022-02-06 20:05:22.5007117,Grey Birch 10/22,SPFGA,100,CCI SV,100m.  +10MOA. Wind was between 2MOA and 6MOA,2026-07-02 02:05:22.503366+00:00,2026-07-02 02:05:22.5033687+00:00
517,01KWG95P6AVPCHYXW8610P9PKM,2022-02-06 20:05:22.5036701,Grey Birch 10/22,SPFGA,20,Sterling Cross,100m. +9MOA. Was was between 2MOA and 6MOA,2026-07-02 02:05:22.5061868+00:00,2026-07-02 02:05:22.5061893+00:00
518,01KWG95P6BT8NGEQX49T0PG1ED,2022-02-12 20:05:22.506483,M96,SPFGA,20,"142gr SMK;37.6gr D-4895;2.620"""" CBTO",100m zero.  +1.5MOA @200m. Was getting just a touch over 1MOA.,2026-07-02 02:05:22.5078143+00:00,2026-07-02 02:05:22.5078163+00:00
519,01KWG95P6EFQ3FDNEA1ADQ7GZ6,2022-02-12 20:05:22.5080922,Israeli 98k,SPFGA,17,"170gr Speer, 46gr D-4895","Tried to put a 200m zero, but the vertical dispersion was crazy.",2026-07-02 02:05:22.5100576+00:00,2026-07-02 02:05:22.5100598+00:00
520,01KWG95P6H5NRSBW5S2WZYTR87,2022-02-14 20:05:22.5103461,G41,Wild West,102,230gr CamPro; 4.5gr HP-38,"Shooting groups at 15yards. Then shot 3"""" circle with one round (one at a time). There were 3 circles.",2026-07-02 02:05:22.51336+00:00,2026-07-02 02:05:22.5133628+00:00
521,01KWG95P6KTH2JB8M36Z0A32WQ,2022-02-17 20:05:22.5136428,M96,SPFGA,23,"142gr SMK;37.6gr D-4895;2.620"""" CBTO","Checking zero @ 100.  Was hoping to collect MV at -14C, but forgot the Labradar.  I did notice that when the barrel got hot, the POI dropped a couple of inches and to the right.",2026-07-02 02:05:22.5151403+00:00,2026-07-02 02:05:22.5151422+00:00
522,01KWG95P6P3P91QC3P76EQEJGD,2022-02-17 20:05:22.5154778,Grey Birch 10/22,SPFGA,100,CCI SV,Rezeroed for 50m.  There was +4.25 on the dial when I did so.  That means that the 100m DOPE is +6.5MOA or so.,2026-07-02 02:05:22.5182671+00:00,2026-07-02 02:05:22.5182701+00:00
523,01KWG95P6RDHFEZ5VA9J3M76NC,2022-02-28 20:05:22.5185835,G17,Wild West,191,124gr CamPro; 4.5gr HP-38,Zero'd for 15m,2026-07-02 02:05:22.5200783+00:00,2026-07-02 02:05:22.5200802+00:00
524,01KWG95P6S95S1Y8WDGVKK9VYZ,2022-03-14 20:05:22.5203624,G17,Wild West,150,124gr CamPro; 4.5gr HP-38,Shooting at 8 & 15.  Trying to shoot fast.  Meh.,2026-07-02 02:05:22.5219747+00:00,2026-07-02 02:05:22.5219767+00:00
525,01KWG95P6TJVT3KVZR93385NHC,2022-04-02 20:05:22.5222421,MRA Renegade 6.5 Grendel,SPFGA,5,123gr Horandy Black,Testing for sticky bolt.  It's still sticky.  :(,2026-07-02 02:05:22.5228899+00:00,2026-07-02 02:05:22.5228917+00:00
526,01KWG95P6VRS86ZQFHVQCENHQM,2022-04-03 20:05:22.5231438,Stevens 284Win,CHAS,4,"168gr Hornady Moly, 55.5gr H4831",Zeroing,2026-07-02 02:05:22.5235037+00:00,2026-07-02 02:05:22.5235054+00:00
527,01KWG95P6WN05RNK93QJSQXSAR,2022-04-03 20:05:22.5237848,Stevens 284Win,CHAS,12,"180gr Hornady ELD Match, 50.5gr H4831",Zeroing,2026-07-02 02:05:22.5241581+00:00,2026-07-02 02:05:22.5241598+00:00
528,01KWG95P6Z1JD0HKW8YN1VSWME,2022-04-03 20:05:22.5243875,Grey Birch 10/22,CHAS,81,CCI SV,Groups @ 100m.  +6.5MOA/+1.25MOA,2026-07-02 02:05:22.5270618+00:00,2026-07-02 02:05:22.5270642+00:00
529,01KWG95P719DD9G8EN9H0AGYKY,2022-04-03 20:05:22.5273345,Israeli 98k,CHAS,10,"180gr Barnes Match Burners, 46.0gr D-4895",Adriel shot 5 to confirm grouping.  I shoot the next.  Adjustment is +1MOA/-1.75,2026-07-02 02:05:22.5294407+00:00,2026-07-02 02:05:22.5294432+00:00
530,01KWG95P73NV348KE960D8XYSZ,2022-04-24 20:05:22.529806,M96,SPFGA,21,"142gr SMK;37.6gr D-4895;2.620"""" CBTO","Shooting at 300.  IIRC, it was +7MOA.  The groups really opened as the barrel headed up.  The first 5 rounds would group well, then it was all over the place",2026-07-02 02:05:22.5318199+00:00,2026-07-02 02:05:22.5318239+00:00
531,01KWG95P75TWQJ2Y6N9T3AWGFX,2022-04-24 20:05:22.5321904,Stevens 284Win,SPFGA,34,"168gr Hornady Moly, 55.5gr H4831","300m.  Mini-F class match. Shooting off Darren's ammo. Best score was 48.1/50, worst was 31.2.  Really need to build up the stock to get a cheek weld.",2026-07-02 02:05:22.5330187+00:00,2026-07-02 02:05:22.5330221+00:00
532,01KWG95P763K3MAV050K6G9FFE,2022-04-27 20:05:22.5333458,M96,SPFGA,10,"142gr SMK;37.6gr D-4895;2.620"""" CBTO",Zeroed for 100m.  Gathering velocity data,2026-07-02 02:05:22.5349356+00:00,2026-07-02 02:05:22.5349376+00:00
533,01KWG95P77WHE3MYNXM88YWK06,2022-04-27 20:05:22.5352176,Stevens 284Win,SPFGA,4,"168gr Hornady Moly, 55.5gr H4831",Zeroing at 100m. 58% Humidity.  9C. baro 921 mb,2026-07-02 02:05:22.5356855+00:00,2026-07-02 02:05:22.5356875+00:00
534,01KWG95P784YKWWJCB21TJP73E,2022-04-27 20:05:22.5359473,Stevens 284Win,SPFGA,33,"180gr Horndy ELDM, N555, 2.488"""" CBTO",OCW testing/gather velocity data.  58% humidity.  9C. Baro 921 mb,2026-07-02 02:05:22.5364025+00:00,2026-07-02 02:05:22.5364041+00:00
535,01KWG95P79C45WG2QEQWKMTHSE,2022-05-18 20:05:22.5366661,Stevens 284Win,SPFGA,34,"180gr Horndy ELDM, 49.8gr N555, 2.488"""" CBTO",Mini-F class.  +11C.  Used +4.5MOA.  Score:  48.3/49.3/48.3,2026-07-02 02:05:22.5371579+00:00,2026-07-02 02:05:22.5371596+00:00
536,01KWG95P7C451NHAGEZM0J0KMK,2022-05-18 20:05:22.5373931,Grey Birch 10/22,SPFGA,52,CCI SV,"Just practicing an MQT. Rifle was very dirty, needs cleaning.",2026-07-02 02:05:22.5402126+00:00,2026-07-02 02:05:22.540215+00:00
537,01KWG95P7C451NHAGEZM0J0KMW,2022-06-01 20:05:22.5404823,MRA Maverick .308 - barrel swap,"",487,"",Moved the barrel over from the STAG-10,2026-07-02 02:05:22.5408345+00:00,2026-07-02 02:05:22.5408361+00:00
538,01KWG95P7DDZN971Z8CHS9FD9E,2022-06-01 20:05:22.5410736,STAG-10,"",-487,"",Moved the barrel over to the MRA Maverick .308,2026-07-02 02:05:22.5417253+00:00,2026-07-02 02:05:22.541727+00:00
539,01KWG95P7E4XEW9YNJBYJ3BCRC,2022-06-04 20:05:22.5419723,Stevens 284Win,SPFGA,10,"180gr Horndy ELDM, 49.8gr N555, 2.451"""" CBTO",Gathering muzzle velocity,2026-07-02 02:05:22.5425106+00:00,2026-07-02 02:05:22.5425123+00:00
540,01KWG95P7F8G8WMNTAX03HXE88,2022-06-04 20:05:22.5427691,Stevens 284Win,SPFGA,7,"180gr SMK, 49.8gr N555, ",Gathering muzzle velocity,2026-07-02 02:05:22.5433463+00:00,2026-07-02 02:05:22.5433479+00:00
541,01KWG95P7F8G8WMNTAX03HXE8H,2022-06-04 20:05:22.5435651,MRA Maverick .308,SPFGA,15,Assorted handloads,Trying to zero.  Light primer strikes on many rounds.,2026-07-02 02:05:22.5438792+00:00,2026-07-02 02:05:22.5438808+00:00
542,01KWG95P7K4586WTJAF8HYDG4J,2022-06-04 20:05:22.544111,G41,SPFGA,40,230gr CamPro; 4.1gr Bullseye,Dueling trill.  Needs more poweder,2026-07-02 02:05:22.5475566+00:00,2026-07-02 02:05:22.54756+00:00
543,01KWG95P7MJQNTXASX9KZRSP9G,2022-06-04 20:05:22.5478565,MRA Renegade 6.5 Grendel,SPFGA,1,123gr Hornady Black,"Cleaned and lube, then test fired.  Still has very hard extractions.\",2026-07-02 02:05:22.548585+00:00,2026-07-02 02:05:22.548587+00:00
544,01KWG95P7N6SZJXQK2406P1ZMD,2022-06-08 20:05:22.5488426,MRA Maverick .308,SPFGA,20,150gr Campro; ?? IMR-4895,"Zeroing for 100m, gathering MV.  Windage might be out.",2026-07-02 02:05:22.5492098+00:00,2026-07-02 02:05:22.5492115+00:00
545,01KWG95P7PFWT45E752RTKWGA7,2022-06-08 20:05:22.549556,MRA Maverick .308,SPFGA,18,Norinco Copper washed,"Breaking in, testing the new firing pin.",2026-07-02 02:05:22.5501353+00:00,2026-07-02 02:05:22.550138+00:00
546,01KWG95P7RDVJW22XTA4CE08RE,2022-06-12 20:05:22.5504275,SKS,SPFGA,120,Norinco Copper washed,Multi-gun,2026-07-02 02:05:22.5523999+00:00,2026-07-02 02:05:22.5524025+00:00
547,01KWG95P7VZ27F57WVA901DPKP,2022-06-12 20:05:22.5526999,G41,SPFGA,140,230gr Campro,Multi-gun,2026-07-02 02:05:22.5558467+00:00,2026-07-02 02:05:22.5558489+00:00
548,01KWG95P7X9XV26DK4J2A9YGPD,2022-06-12 20:05:22.5562788,G17,SPFGA,120,??,Multi-gun - Sophia was shooting,2026-07-02 02:05:22.5578805+00:00,2026-07-02 02:05:22.5578824+00:00
549,01KWG95P80JYWJNGHY9HC10PHQ,2022-06-16 20:05:22.558153,Grey Birch 10/22,SPFGA,40,CCI SV,Shooing some groups from the bench.,2026-07-02 02:05:22.5609036+00:00,2026-07-02 02:05:22.5609062+00:00
550,01KWG95P82GCHBGQMDA3DRGZRN,2022-06-23 20:05:22.5612171,Stevens 284Win,AFRA,73,"180gr Hornady ELDM, 49.8gr N555, 2.588""""",First F-Class match.  ,2026-07-02 02:05:22.5620947+00:00,2026-07-02 02:05:22.5620966+00:00
551,01KWG95P82GCHBGQMDA3DRGZRX,2022-08-01 20:05:22.5624074,MRA Maverick .308,SPFGA,10,"147gr CamPro, 45gr D-4895","100m. Pressure looked good.  Could blow out the 1"""" square from bench w/rest",2026-07-02 02:05:22.5628658+00:00,2026-07-02 02:05:22.5628676+00:00
552,01KWG95P83B5VTWNW8JMTGTGTM,2022-08-01 20:05:22.5631039,MRA Maverick .308,SPFGA,20,"147gr CamPro, 44.5? gr of X-4895",100m.  Worse groups,2026-07-02 02:05:22.5636116+00:00,2026-07-02 02:05:22.5636135+00:00
553,01KWG95P87ADYRZGPJPN8Z8BFH,2022-08-01 20:05:22.5638391,Grey Birch 10/22,SPFGA,40,CCI SV,Braeden shooting groups at 50,2026-07-02 02:05:22.5670742+00:00,2026-07-02 02:05:22.5670778+00:00
554,01KWG95P8AHGKPZZK33DXA7E7Q,2022-08-01 20:05:22.5674226,Grey Birch 10/22,SPFGA,100,Sterling Cross,Braeden & I shooting groups at 50,2026-07-02 02:05:22.5703798+00:00,2026-07-02 02:05:22.5703825+00:00
555,01KWG95P8CQ13N0PTHE4GH043R,2022-08-01 20:05:22.5707353,G17,SPFGA,100,Mystery handloads,Teaching Braeden to use a holster.,2026-07-02 02:05:22.5724108+00:00,2026-07-02 02:05:22.5724128+00:00
556,01KWG95P8DNVYFJ81XZ7D2HT7M,2022-09-18 20:05:22.5727071,MRA Maverick .308,SPFGA,10,Norinco Copper washed,Collecting velocity,2026-07-02 02:05:22.573244+00:00,2026-07-02 02:05:22.5732458+00:00
557,01KWG95P8ES9C3X95WTD0H3016,2022-09-19 20:05:22.5735113,MRA Maverick .308,SPFGA,10,"147gr CamPro, 45gr D-4895",Collecting velocity,2026-07-02 02:05:22.5740681+00:00,2026-07-02 02:05:22.5740698+00:00
558,01KWG95P8F17632EW3SMJS1CKY,2022-09-19 20:05:22.5746199,MRA Maverick .308,SPFGA,5,"130gr TSX, 45gr D-4895",Checking zero @ 100. Collecting velocity.,2026-07-02 02:05:22.5752566+00:00,2026-07-02 02:05:22.5752584+00:00
559,01KWG95P8F17632EW3SMJS1CM7,2022-09-19 20:05:22.5755839,MRA Renegade 6x45,SPFGA,10,"70gr Hornady, 23.4gr D-4895",Put a rough zero at 100.  Collecint velocity.,2026-07-02 02:05:22.57598+00:00,2026-07-02 02:05:22.5759819+00:00
560,01KWG95P8G6ABNDJ6ARCTDDPR3,2022-10-06 20:05:22.5762387,MRA Maverick .308,SPFGA,5,"175gr Berger, 42gr D-4895",2500fps,2026-07-02 02:05:22.5768956+00:00,2026-07-02 02:05:22.5768974+00:00
561,01KWG95P8J3875ARVM3FQFRH9E,2022-10-06 20:05:22.5772098,MRA Maverick .308,SPFGA,12,"165gr Nosler, 42gr D-4895",2731fps,2026-07-02 02:05:22.5781181+00:00,2026-07-02 02:05:22.5781203+00:00
562,01KWG95P8KG6N8PA7QJF6D3W8Y,2022-10-06 20:05:22.5783719,MRA Maverick .308,SPFGA,5,150gr Winchester soft point,"",2026-07-02 02:05:22.5790953+00:00,2026-07-02 02:05:22.5790974+00:00
563,01KWG95P8N8KWEQ74EYA0AMXTZ,2022-10-06 20:05:22.5793487,Israeli 98k,SPFGA,10,"195gr Hornady Interlock, 43gr D-4895",Keyholing. Pull the batch,2026-07-02 02:05:22.5812387+00:00,2026-07-02 02:05:22.5812406+00:00
564,01KWG95P8N8KWEQ74EYA0AMXV8,2022-10-06 20:05:22.5815625,G44,SPFGA,180,CCI SV,Seems to be shooting high and to the left.,2026-07-02 02:05:22.5819181+00:00,2026-07-02 02:05:22.5819199+00:00
565,01KWG95P8PHJC44WHZAQAHMH5D,2022-10-23 20:05:22.5822078,MRA Renegade 6x45,SPFGA,5,"75gr A-Max, 27.65 gr BL-C(2)","",2026-07-02 02:05:22.5825372+00:00,2026-07-02 02:05:22.5825389+00:00
566,01KWG95P8QKBK23NV8AH2GMJND,2022-10-23 20:05:22.5829135,MRA Renegade 6x45,SPFGA,5,"80gr A-Max, 26.5 gr BL-C(2)","",2026-07-02 02:05:22.5833172+00:00,2026-07-02 02:05:22.5833189+00:00
567,01KWG95P8QKBK23NV8AH2GMJNN,2022-10-23 20:05:22.5835719,MRA Renegade 6x45,SPFGA,5,"95gr A-Max, 25.24 gr BL-C(2)",Some pressure signs (primers backed out of the pocket),2026-07-02 02:05:22.5840008+00:00,2026-07-02 02:05:22.5840025+00:00
568,01KWG95P8T95JTRMH5QKZR8XK3,2022-10-23 20:05:22.5842255,Israeli 98k,SPFGA,10,"170gr Speer, 46.0gr D-4895","Was incredibily low, 24MOA or so?!",2026-07-02 02:05:22.5864909+00:00,2026-07-02 02:05:22.5864932+00:00
569,01KWG95P8VWQM6GDMJNR9ECYCB,2022-10-23 20:05:22.5870014,MRA Maverick .308,SPFGA,5,"147gr Campro, 45gr D-4895",Roland trying it out.,2026-07-02 02:05:22.5877624+00:00,2026-07-02 02:05:22.5877643+00:00
570,01KWG95P8W9M7CFM7H5GVCDR0C,2022-10-23 20:05:22.5880163,MRA Renegade 6x45,SPFGA,8,"75gr A-Max, D-4895",Roland trying it out.,2026-07-02 02:05:22.5885063+00:00,2026-07-02 02:05:22.588508+00:00
571,01KWG95P8XHF5W00PVGQF07M6X,2022-11-12 20:05:22.5888168,G44,Phoenix,240,CCI SV,"Adjusted for height, but still shooting way left: ~ 2"""" @ 10 yards",2026-07-02 02:05:22.5891859+00:00,2026-07-02 02:05:22.5891876+00:00
572,01KWG95P903CZKMXBPKREH9H87,2022-11-12 20:05:22.5894137,G41,Phoenix,80,"230gr Campro, 4.1gr Bullseye","10 yards, slow fire.",2026-07-02 02:05:22.5929654+00:00,2026-07-02 02:05:22.5929689+00:00
573,01KWG95P95YEZ7VPN3XBHQY197,2023-01-29 20:05:22.5941895,Grey Birch 10/22,Phoenix,160,CCI & Sterling Cross,Shooting at 40 yards. No agenda,2026-07-02 02:05:22.5975522+00:00,2026-07-02 02:05:22.5975554+00:00
574,01KWG95P96HZQG4NAQQKPAAGAZ,2023-01-29 20:05:22.5978713,Mapleseed 10/22 #1,Phoenix,120,Sterling Cross,Shooting at 40 yards. No agenda,2026-07-02 02:05:22.5982777+00:00,2026-07-02 02:05:22.5982795+00:00
575,01KWG95P9727V3FYFGVGSPCNAR,2023-02-26 20:05:22.5985598,MRA Renegade 6x45,SPFGA,38,Assorted handloads with BL-C(2),Gathering velocities on several different handloads,2026-07-02 02:05:22.5990724+00:00,2026-07-02 02:05:22.5990743+00:00
576,01KWG95P9ABZ1N5REDJJTWW38G,2023-03-26 20:05:22.5993812,Remington 597,Phoenix,40,Aguila 40gr,-1.25MOA / +1 MOA.  Adjusted the windage after this.,2026-07-02 02:05:22.6020307+00:00,2026-07-02 02:05:22.6020335+00:00
577,01KWG95P9CJEH7EAW2K8V6BMPW,2023-03-26 20:05:22.6024045,Remington 597,Phoenix,30,CCI SV,"-2.0 MOA / +1 MOA.  Adjusted the windage.  CCI SV seemed to be """"better"""" for precision & accuracy.",2026-07-02 02:05:22.6049798+00:00,2026-07-02 02:05:22.6049819+00:00
578,01KWG95P9G46MN09NYZYFDPZGC,2023-03-26 20:05:22.605261,Grey Birch 10/22,Phoenix,80,Aguila 40gr,-2.25MOA / +2.5MOA.,2026-07-02 02:05:22.6080302+00:00,2026-07-02 02:05:22.6080324+00:00
579,01KWG95P9MSNJEVJ5GXMR2ZTVH,2023-03-26 20:05:22.6083931,Grey Birch 10/22,Phoenix,30,CCI SV,-2.0 MOA / +2.0 MOA.,2026-07-02 02:05:22.6122425+00:00,2026-07-02 02:05:22.6122473+00:00
580,01KWG95P9NS64383A0VVTPJ2WN,2023-04-02 20:05:22.6126732,MRA Renegade 6x45,SPFGA,9,"75gr A-MAX, 28.4gr BL-C(2)","2931fps, SD 16.  ~ 5MOA too high, seemed like poor groups too",2026-07-02 02:05:22.6132782+00:00,2026-07-02 02:05:22.6132802+00:00
581,01KWG95P9PXTKV3TFJA6SRM965,2023-04-02 20:05:22.6136074,MRA Renegade 6x45,SPFGA,10,"80gr Barnes TTSX, 25.2gr BL-C(2)","2492fps, SD 17. 100m zero",2026-07-02 02:05:22.6142182+00:00,2026-07-02 02:05:22.6142199+00:00
582,01KWG95P9QW9Y8SS8MN57857SC,2023-04-02 20:05:22.6144624,MRA Renegade 6x45,SPFGA,9,"75gr A-MAX, 25.2gr BL-C(2)","2625fps, SD 40.  100m zero",2026-07-02 02:05:22.6150808+00:00,2026-07-02 02:05:22.6150825+00:00
583,01KWG95P9QW9Y8SS8MN57857SM,2023-04-02 20:05:22.615313,Stevens 284Win,SPFGA,13,"180gr Hornady ELDM, 50.5gr H4831","2630fps,  SD 10.  100m zero. POI was 2MOA right.",2026-07-02 02:05:22.6159959+00:00,2026-07-02 02:05:22.6159977+00:00
584,01KWG95P9SKW1BE41B7TZ32EPY,2023-04-02 20:05:22.6162385,Stevens 284Win,SPFGA,24,"180gr Hornady ELDM, assorted RL19",Load testing w/ RL-19,2026-07-02 02:05:22.6171281+00:00,2026-07-02 02:05:22.6171301+00:00
585,01KWG95P9TF8QN8THQYCX9H2C8,2023-04-07 20:05:22.6174059,MRA Maverick .308,SPFGA,20,"147gr CamPro, 45gr x-4895",Shotmarker familiarization,2026-07-02 02:05:22.6181684+00:00,2026-07-02 02:05:22.6181707+00:00
586,01KWG95P9VWVG6S0B9ZBQAARSE,2023-04-07 20:05:22.6184337,MRA Renegade 6x45,SPFGA,20,"75gr A-MAX, 28.4gr BL-C(2)",About 2MOA groups.  Zero'd for this load.,2026-07-02 02:05:22.6190967+00:00,2026-07-02 02:05:22.6190985+00:00
587,01KWG95P9WX2MDFCP9JWKEJVRM,2023-04-07 20:05:22.6193549,MRA Renegade 6x45,SPFGA,12,"75gr A-MAX, 25.2gr BL-C(2)","1.63MOA. 0.54 Mean Radius. 2302 fps @100m, SD 15.1fps. ES 40.7fps",2026-07-02 02:05:22.6200971+00:00,2026-07-02 02:05:22.620099+00:00
588,01KWG95P9X2S59P2SJTZ864RDT,2023-04-07 20:05:22.6205307,MRA Renegade 6x45,SPFGA,10,"80gr Barnes TTSX, 25.2gr BL-C(2)",1.69MOA group.  0.50 Mean Radius. 2188fps @ 100m.  SD 15.3fps.  ES 44.6fps,2026-07-02 02:05:22.6213415+00:00,2026-07-02 02:05:22.6213435+00:00
589,01KWG95P9YBZ79CW8TSQH79PW0,2023-04-21 20:05:22.6215879,Stevens 284Win,SPFGA,27,162gr Hornady ELDM,162gr Hornady ELDM; OCW testing with D-4895,2026-07-02 02:05:22.6223943+00:00,2026-07-02 02:05:22.6223961+00:00
590,01KWG95P9ZJX123EBCRGPR364N,2023-04-21 20:05:22.6226599,Stevens 284Win,SPFGA,50,180gr Hornady ELDM,180gr Hornady ELDM; OCW testing with H4831,2026-07-02 02:05:22.6236438+00:00,2026-07-02 02:05:22.6236459+00:00
591,01KWG95PA0VYT69RTMN6JX142R,2023-04-21 20:05:22.6239065,MRA Renegade 6x45,SPFGA,5,"62gr Barnes Varmint Grenade, 26.0gr XBR-8028","",2026-07-02 02:05:22.6246518+00:00,2026-07-02 02:05:22.6246537+00:00
592,01KWG95PA1N3KTJQ8K2BKYGA8N,2023-04-21 20:05:22.6251849,MRA Renegade 6x45,SPFGA,5,80gr Barnes TTSX,"",2026-07-02 02:05:22.6259833+00:00,2026-07-02 02:05:22.6259853+00:00
593,01KWG95PA3JNJEADVC7YNSA6XD,2023-04-21 20:05:22.6262184,MRA Renegade 6x45,SPFGA,5,90gr Hornady,"",2026-07-02 02:05:22.6270299+00:00,2026-07-02 02:05:22.6270319+00:00
594,01KWG95PA4262DBCRX3D8D3BV4,2023-04-21 20:05:22.6273406,MRA Renegade 6x45,SPFGA,5,"62gr Barnes Varmint Grenade, 26.4gr XBR-8028","",2026-07-02 02:05:22.6282087+00:00,2026-07-02 02:05:22.6282105+00:00
595,01KWG95PA59832BTEHSS43PA72,2023-04-21 20:05:22.6284796,MRA Renegade 6x45,SPFGA,5,"","",2026-07-02 02:05:22.6297337+00:00,2026-07-02 02:05:22.6297361+00:00
596,01KWG95PA7BJP7C0CACVW5JCRR,2023-04-27 20:05:22.6299807,GSG STG-44,SPFGA,135,CCI SV,Thursday Night Fun Shoot: Steel Challenge,2026-07-02 02:05:22.6313273+00:00,2026-07-02 02:05:22.6313304+00:00
597,01KWG95PA8MAVRTFGG59ESWCTE,2023-05-07 20:05:22.6317786,MRA Renegade 6x45,SPFGA,46,"75gr V-MAX, 25.3gr BL-C(2)","Put on the SWFA 6x, removed the Vortex Spitfire",2026-07-02 02:05:22.63295+00:00,2026-07-02 02:05:22.6329529+00:00
598,01KWG95PAA753VK1TGBXP98RP4,2023-05-07 20:05:22.6333543,MRA Renegade 6x45,SPFGA,5,"80gr Barnes TTSX, ",Seemed 1 MOA lower than the 75gr zero.,2026-07-02 02:05:22.6343574+00:00,2026-07-02 02:05:22.6343597+00:00
599,01KWG95PABJFA219Z5NQ86R9TW,2023-05-11 20:05:22.6346237,GSG STG-44,SPFGA,145,CCI SV,Thursday Night Fun Shoot: Steel Challenge,2026-07-02 02:05:22.6358361+00:00,2026-07-02 02:05:22.6358379+00:00
600,01KWG95PACHVT0GEA3DE25X0CX,2023-05-25 20:05:22.6361191,Stevens 284Win,SPFGA,15,180gr Hornady ELDM;55.4gr H-4831,"Confirming 100m zero.  Gather velocity data.  +16C, 54%. Avg: 2902 fps. Std: 22.43. ES:72.37",2026-07-02 02:05:22.6369782+00:00,2026-07-02 02:05:22.63698+00:00
601,01KWG95PAD0M5TH35RDDW6GNXF,2023-05-25 20:05:22.6372312,G44,SPFGA,70,CCI SV,"Pushing the rear sight, zeroed at 10m.  Its a bit high (1""""?) and maybe a touch right.",2026-07-02 02:05:22.6376661+00:00,2026-07-02 02:05:22.6376679+00:00
602,01KWG95PAE8JDXP06DQJRN6PYX,2023-05-28 20:05:22.6379253,Stevens 284Win,CHAS,48,180gr Hornady ELDM;55.4gr H-4831,CHAS F-class. 825m.  Started on 18.25 MOA elevation. Settled on +19.25MOA for elevation.  Wind was a good 3 ~ 5 MOA.  Second & third matches were horrible. Elevation was everywhere.  Need to troubleshoot. 1826fps @ 825m.,2026-07-02 02:05:22.6388324+00:00,2026-07-02 02:05:22.6388342+00:00
603,01KWG95PAGSKM72EY8F17223S8,2023-05-28 20:05:22.6390776,Stevens 284Win,SPFGA,12,180gr Sierra MatchKing;55.4gr H-4831,Shooting @ 300m.  +3.25 MOA / 0 MOA.  Was hitting about 1 MOA to high?,2026-07-02 02:05:22.6402243+00:00,2026-07-02 02:05:22.640227+00:00
604,01KWG95PAJ2K83BVKW9MWXA50M,2023-05-28 20:05:22.640573,Stevens 284Win,SPFGA,33,180gr Hornady ELDM;55.4gr H-4831,Shooting @ 300m.  +2.875MOA / 0 MOA,2026-07-02 02:05:22.6420492+00:00,2026-07-02 02:05:22.6420518+00:00
605,01KWG95PAKYVCSNJPSAM9XWJFA,2023-05-28 20:05:22.6423898,Stevens 284Win,SPFGA,13,180gr Hornady ELDM; 49.8gr N555;2.575 CBTO,Shooting @ 200m.  +1.125MOA / -0.5MOA.  Holding on the 5 of a 600m target.  +25C.  50% humidity. DAlt 1310m,2026-07-02 02:05:22.6435635+00:00,2026-07-02 02:05:22.6435655+00:00
606,01KWG95PANSXKJVSEWBYY0Q8CD,2023-05-28 20:05:22.6440014,Stevens 284Win,SPFGA,13,180gr Sierra Match King; 49.8gr N555;2.614 CBTO,Shooting @ 200m.  +2.5MOA / ?? MOA.  Hoding on the centre of the V-Bull which was shot out.,2026-07-02 02:05:22.6451715+00:00,2026-07-02 02:05:22.6451736+00:00
607,01KWG95PAP9XEFJ318F3DGCFVZ,2023-05-28 20:05:22.645501,Stevens 284Win,SPFGA,13,180gr Hornady ELDM; 49.8gr N555;2.575 CBTO,Shooting @ 200m.  +2.5MOA / ?? MOA.  Hoding on the centre of the V-Bull which was shot out.,2026-07-02 02:05:22.6465993+00:00,2026-07-02 02:05:22.6466012+00:00
608,01KWG95PAQA0BEW67PMQ08SARG,2023-06-04 20:05:22.6468576,Stevens 284Win,SPFGA,9,180gr Hornady ELDM; 55.4gr H4831,Shooting @ 100.  Rezeroed the optic after moving it forward 3 slots on the picatinny rail.,2026-07-02 02:05:22.6480028+00:00,2026-07-02 02:05:22.6480047+00:00
609,01KWG95PAS0MWCM4R08XCHYZC1,2023-06-10 20:05:22.6482771,Stevens 284Win,AFRA,13,180gr SMK; 55.4gr H4831,Intro to F-Class - 800m,2026-07-02 02:05:22.6494688+00:00,2026-07-02 02:05:22.6494707+00:00
610,01KWG95PAVJTRA2V4PKMDDSGP8,2023-06-10 20:05:22.6497587,Stevens 284Win,AFRA,12,180gr Hornady ELDM; 55.4gr H4831,Intro to F-Class - 400m,2026-07-02 02:05:22.6514248+00:00,2026-07-02 02:05:22.6514279+00:00
611,01KWG95PAW864PZ6XA1J0A99YC,2023-06-11 20:05:22.6517057,Stevens 284Win,AFRA,44,180gr SMK; 55.4gr H4831,300m ISSU,2026-07-02 02:05:22.652974+00:00,2026-07-02 02:05:22.6529759+00:00
612,01KWG95PAYD5KGWVHHV7YJYG7C,2023-06-11 20:05:22.6532798,Stevens 284Win,AFRA,21,180gr Hornady ELDM; 55.4gr H4831,300m ISSU. +3.25MOA/-0.75MOA.  This matched the Kestrel,2026-07-02 02:05:22.6546066+00:00,2026-07-02 02:05:22.6546084+00:00
613,01KWG95PB07XTV0MSDDXH3M4C8,2023-06-25 20:05:22.6548883,Stevens 284Win,Home,0,"",Cleaning the barrel,2026-07-02 02:05:22.6567404+00:00,2026-07-02 02:05:22.6567429+00:00
614,01KWG95PB3DN6H3CBK55TS1SG3,2023-07-05 20:05:22.6570787,M96,SPFGA,23,142gr SMK; 37.6gr D-4895; 2.620 CBTO,Calibrating the shotmarker,2026-07-02 02:05:22.6590228+00:00,2026-07-02 02:05:22.6590256+00:00
615,01KWG95PB4C1VG619SQAM6N74Y,2023-07-05 20:05:22.6593246,MRA Maverick .308,SPFGA,40,147gr Campro; 45gr X-4895,"",2026-07-02 02:05:22.6600962+00:00,2026-07-02 02:05:22.6600979+00:00
616,01KWG95PB5P58WNXK7JRSBNASM,2023-07-07 20:05:22.6603277,MRA Maverick .308,SPFGA,12,"175gr Bergers, 42gr D-4895",Just trying these out.  ,2026-07-02 02:05:22.6611391+00:00,2026-07-02 02:05:22.6611409+00:00
617,01KWG95PB6MYHNBZP508QCWD2G,2023-07-07 20:05:22.6613739,M96,SPFGA,12,142gr SMK; 37.6gr D-4895; 2.620 CBTO,Calibrating shot marker,2026-07-02 02:05:22.6627649+00:00,2026-07-02 02:05:22.6627667+00:00
618,01KWG95PB7CXH1DX3125VZX2FC,2023-07-07 20:05:22.6630367,MRA Maverick .308,SPFGA,23,147gr Campro; 45gr X-4895,"Removed the Vortex Strike Eagle, put on the SWFA 6x",2026-07-02 02:05:22.6638629+00:00,2026-07-02 02:05:22.6638646+00:00
619,01KWG95PB9XYBHVVRRGXJPDY8E,2023-07-23 20:05:22.6640801,Stevens 284Win,AFRA,141,"180gr Hornady ELDM; 55.4gr H4831;2.575"""" CBTO","8.25MOA at 500m, +20.25MOA at 900m",2026-07-02 02:05:22.6653593+00:00,2026-07-02 02:05:22.6653611+00:00
620,01KWG95PBBYV5M9ND26PPKYH8V,2023-08-02 20:05:22.6656244,Stevens 284Win,SPFGA,26,"162gr Hornady ELDM; 55.6gr H4831;2.558"""" CBTO",15 rounds @ 300m.  Score: 69.1.  +1.5MOA / -1.25MOA. Used a +1MOA elevation offset on the target.,2026-07-02 02:05:22.6674267+00:00,2026-07-02 02:05:22.667429+00:00
621,01KWG95PBD4J4V9Z6EXGHM0SH8,2023-08-02 20:05:22.6676939,Stevens 284Win,SPFGA,17,"180gr Hornady ELDM; 53.2gr H4831;2.575""""CBTO",15 rounds @ 300m. Score 71.5. +2.625 / -1.625 MOA. Used a +1MOA elevation offset on the target.,2026-07-02 02:05:22.6690344+00:00,2026-07-02 02:05:22.6690363+00:00
622,01KWG95PBEXTP6GQ0Y7AYQXT5T,2023-08-02 20:05:22.6693306,Stevens 284Win,SPFGA,5,"180gr Hornady ELDM; 55.4gr H4831;2.575"""" CBTO",Just blowing these off.,2026-07-02 02:05:22.6709674+00:00,2026-07-02 02:05:22.6709706+00:00
623,01KWG95PBHQ0FRZN0TEZQXC2Y0,2023-08-31 20:05:22.6715368,GSG STG-44,SPFGA,175,CCI SV,"Steel Challenge.  The Falke kept """"turning off"""". Tapping it on the side seemed to turn it on.  Maybe it is too far back, and isn't supported well enough for the vibrations?",2026-07-02 02:05:22.6731063+00:00,2026-07-02 02:05:22.6731084+00:00
624,01KWG95PBJZK74WNW225V7YY6T,2023-09-04 20:05:22.6734383,Stevens 284Win,SPFGA,17,"180gr Hornady ELDM; 55.4gr H4831;2.575"""" CBTO",Practicing for 300m.  +3.0MOA. 2863fps. Used a +1MOA elevation offset on the target.,2026-07-02 02:05:22.6748924+00:00,2026-07-02 02:05:22.6748942+00:00
625,01KWG95PBMM2PNWAPPJHKKWM3D,2023-09-04 20:05:22.6752194,Stevens 284Win,SPFGA,13,"180gr Hornady ELDM; 49.8gr N555;2.575"""" CBTO",Practicing at 300m. +4MOA,2026-07-02 02:05:22.6767595+00:00,2026-07-02 02:05:22.6767614+00:00
626,01KWG95PBP5S8RJNRRV1SV8KAA,2023-09-05 20:05:22.6770495,Stevens 284Win,SPFGA,18,"180gr Hornady ELDM; 53.2gr H4831;2.575"""" CBTO","",2026-07-02 02:05:22.6788812+00:00,2026-07-02 02:05:22.678883+00:00
627,01KWG95PBRZ2Q5T3Y9VMR2J13C,2023-09-05 20:05:22.6791504,Stevens 284Win,SPFGA,14,"180gr Hornady ELDM; 55.4gr H4831;2.575"""" CBTO",Used a +1MOA elevation offset on the target.,2026-07-02 02:05:22.6807522+00:00,2026-07-02 02:05:22.6807543+00:00
628,01KWG95PBVJHJP0SSKGYEZN2MH,2023-09-05 20:05:22.6810672,Stevens 284Win,SPFGA,16,"162gr Hornady ELDM; 55.6gr H4831;2.575"""" CBTO",Used a +1MOA elevation offset on the target.,2026-07-02 02:05:22.6831562+00:00,2026-07-02 02:05:22.6831604+00:00
629,01KWG95PBXVV0C1P1AWPQY53AM,2023-09-08 20:05:22.6835447,Stevens 284Win,SPFGA,20,162gr Hornady ELDM; 56.16gr H4831;3.180 COAL,"3.25 MOA, Aiming 1MOA high so the impact falls into the center of the target. This was one of Darren's load.  Had a 0.9MOA best group.  There were two fliers, very high and right.",2026-07-02 02:05:22.6853012+00:00,2026-07-02 02:05:22.6853031+00:00
630,01KWG95PBZ4DE6WK9SWKNK39F4,2023-10-22 20:05:22.6856322,MRA Maverick .308,SPFGA,15,130gr Barnes TTSX;44.6gr X-4895,Zeroed the Spitfire. Was 1MOA high @ 100m.Testing out hunting load.  About 1.5MOA groups.  2870fps.  -2c.  ,2026-07-02 02:05:22.6873425+00:00,2026-07-02 02:05:22.6873458+00:00
631,01KWG95PC06BE0K71Y8DA4RA8G,2023-10-22 20:05:22.6876826,MRA Maverick .308,SPFGA,25,147gr Campro; 45gr X-4895,"",2026-07-02 02:05:22.6888223+00:00,2026-07-02 02:05:22.6888255+00:00
632,01KWG95PC2838W484KYZMK0CQF,2023-10-23 20:05:22.6891177,MRA Maverick .308,SPFGA,10,130gr Barnes TTSX; assorted X-4895;FC Brass,"Satterlee testing, staring at 43.8gr and increasing 0.3gr.  Looks like 45.3gr is the best spot.",2026-07-02 02:05:22.6904206+00:00,2026-07-02 02:05:22.6904226+00:00
633,01KWG95PC4SJ955BXR7BEDJ07W,2023-10-23 20:05:22.6906901,Israeli 98k,SPFGA,13,150gr Sierra SP; 47.0gr X-4895,"Velocity.  2554fps. ES 194.  StdDev 50fps. Kind of shitty groups, but to be expected given the ES and SD. Big-ish groups, ~ 4MOA or so. Zeroed for this load -roughly.  ",2026-07-02 02:05:22.6925303+00:00,2026-07-02 02:05:22.6925322+00:00
634,01KWG95PC6Y9K216NV6XS21416,2023-10-23 20:05:22.6928364,M96,SPFGA,12,"139gr stuff, commerical hunting ammo.",Just collecting Velocity.  2358fps.  ES 93fps.  StdDev 29fps,2026-07-02 02:05:22.6943037+00:00,2026-07-02 02:05:22.6943056+00:00
635,01KWG95PC9FCBE0G5MCMAHK18R,2023-10-25 20:05:22.694573,Grey Birch 10/22,Phoenix,100,CCI SV,Testing loads. Adjustments: 1.5MOA↓ 2.0MOA→,2026-07-02 02:05:22.6975754+00:00,2026-07-02 02:05:22.6975787+00:00
636,01KWG95PCETCK1BM2SD1KPP25Y,2023-10-25 20:05:22.6979305,Grey Birch 10/22,Phoenix,80,Aguila Super Extra 40gr Copper HV,Testing loads. Adjustments: 3MOA↓ 1.75MOA→,2026-07-02 02:05:22.7022404+00:00,2026-07-02 02:05:22.7022454+00:00
637,01KWG95PCFPSQFB15J4GT86HXM,2023-11-12 20:05:22.7027197,MRA Renegade 6x45,SPFGA,45,Assorted rounds - 75gr to 95gr with BL-C(2) and XBR-8028,"Zeroing the Strike Eagle. It's about 1.25"""" high.  For hunting, should be about 1.8"""" high?",2026-07-02 02:05:22.7039872+00:00,2026-07-02 02:05:22.7039893+00:00
638,01KWG95PCHJTKCMPBCW7VSHY0F,2023-11-19 20:05:22.7043371,MRA Renegade 6x45,SPFGA,45,Assorted rounds.,Satterlee testing with 62gr Varmint Grenade and 8208XBR.  Shot 9 round @ 200 with 80gr TSX/25.2gr BL-C(2) and zeroed on that.,2026-07-02 02:05:22.7053546+00:00,2026-07-02 02:05:22.7053564+00:00
639,01KWG95PCMEHJJF8QPCHNAHV58,2023-11-20 20:05:22.7056115,Grey Birch 10/22,Phoenix,100,Aguila Super Extra 40gr Lead SV,Testing loads. Adjustments: 3MOA↓ 1.75MOA→,2026-07-02 02:05:22.7086448+00:00,2026-07-02 02:05:22.7086477+00:00
640,01KWG95PCRDW53GMKXH79RD1R1,2023-11-20 20:05:22.7089765,Grey Birch 10/22,Phoenix,60,Aguila Super Extra 40gr Copper HV,Testing loads. Adjustments: 6MOA↓ 1.75MOA→,2026-07-02 02:05:22.7121856+00:00,2026-07-02 02:05:22.7121881+00:00
641,01KWG95PCVF9J569C8BV61695Z,2023-12-10 20:05:22.7125355,Grey Birch 10/22,Phoenix,92,"Federal 36gr HP ""Black Pack""",Testing loads.  Adjustments: 4.5MOA↓ 2.5MOA→,2026-07-02 02:05:22.7156418+00:00,2026-07-02 02:05:22.7156443+00:00
642,01KWG95PD0KFEPZDY8EFYQ9AK1,2023-12-10 20:05:22.7160384,Grey Birch 10/22,Phoenix,98,Remington-Peters,Testing loads.  Adjustments: 2.5MOA↓ 2.5MOA→,2026-07-02 02:05:22.7206985+00:00,2026-07-02 02:05:22.7207031+00:00
643,01KWG95PD4A0WR3H36FNZ36TTK,2023-12-16 20:05:22.721116,Grey Birch 10/22,Home,0,N/A,Zeroed out the windage dial. Cleaned the rifle & barrel.,2026-07-02 02:05:22.7244249+00:00,2026-07-02 02:05:22.7244289+00:00
644,01KWG95PD838Y0RJ3EQDWNV84B,2023-11-20 20:05:22.7248727,Grey Birch 10/22,Phoenix,70,Aguila Super Extra 40gr Lead SV,Testing loads. Adjustments: 3.75MOA↓ 0.5MOA←,2026-07-02 02:05:22.7280212+00:00,2026-07-02 02:05:22.7280238+00:00
645,01KWG95PDBZT900Q2GNTFCRD59,2023-11-20 20:05:22.7283924,Grey Birch 10/22,Phoenix,35,Aguila Super Extra 40gr Copper HV,Testing loads. Adjustments: 5.5MOA↓ 0.5MOA←,2026-07-02 02:05:22.7317572+00:00,2026-07-02 02:05:22.7317601+00:00
646,01KWG95PDDFQNP28GQ99J8H9CB,2023-12-27 20:05:22.7320828,MRA Maverick .308,SPFGA,35,147gr Campro; 45gr X-4895,"Mounted the SWFA 6x. Zeroed for 100m.  300m DOPE 4.5MOA up, 2MOA right",2026-07-02 02:05:22.7333572+00:00,2026-07-02 02:05:22.7333602+00:00
647,01KWG95PDFKH3XTGY2SN5M5BP5,2024-01-25 20:05:22.7338081,MRA Renegade 6x45,SPFGA,15,"75gr V-MAX, 28.4gr BL-C(2)","",2026-07-02 02:05:22.7352023+00:00,2026-07-02 02:05:22.735205+00:00
648,01KWG95PDGDTM6K73J1MCM6PS0,2024-01-25 20:05:22.7354952,MRA Renegade 6x45,SPFGA,10,62gr Varmint Grenade; 26.75gr XBR-8028,Grouped very well,2026-07-02 02:05:22.736565+00:00,2026-07-02 02:05:22.7365669+00:00
649,01KWG95PDHS5WP2WT1YW2VS7R5,2024-01-25 20:05:22.736878,MRA Renegade 6x45,SPFGA,10,"75gr V-MAX, 28.4gr XBR-8028","",2026-07-02 02:05:22.7379107+00:00,2026-07-02 02:05:22.7379125+00:00
650,01KWG95PDK4JC311KXCH5H1318,2024-01-25 20:05:22.7381815,MRA Maverick .308,SPFGA,10,147gr Campro; 45gr X-4895,SSA Brass.  Grouped well,2026-07-02 02:05:22.7396246+00:00,2026-07-02 02:05:22.7396265+00:00
651,01KWG95PDMAJ558QAS7Z4FPWNA,2024-01-25 20:05:22.7398938,MRA Maverick .308,SPFGA,20,147gr Campro; 45gr X-4895,"the 7.62x51 headstamp.  Horrible ES, grouped poorly.",2026-07-02 02:05:22.7409759+00:00,2026-07-02 02:05:22.7409777+00:00
652,01KWG95PDPPYQCC36MVHMR87QT,2024-02-25 20:05:22.7412471,MRA Renegade 6x45,SPFGA,64,"IMR 8208-XBR. OCW testing 80gr TTSX, trying some 90gr and 95gr","Zeroed for 62gr.  The 80gr was ~ 1.5MOA too high.  90gr was ~ 0.5 MOA too high, and ~ 0.5 MOA left.",2026-07-02 02:05:22.7423589+00:00,2026-07-02 02:05:22.7423607+00:00
653,01KWG95PDQH2JZ2AEZ8V7G666P,2024-03-16 20:05:22.7426518,Stevens 284Win B#2,SPFGA,20,180gr Hornady ELDM; 55.4gr H4831,New barrel. Zeroed the scope.  Need to check the level as the rings were loose.,2026-07-02 02:05:22.7430096+00:00,2026-07-02 02:05:22.7430116+00:00
654,01KWG95PDQH2JZ2AEZ8V7G666Y,2024-03-22 20:05:22.7432704,G44,Phoenix,78,"Assorted. CCI SV, Federal 36gr HP","At 78 rounds, the striker got """"stuck"""".",2026-07-02 02:05:22.7437339+00:00,2026-07-02 02:05:22.7437356+00:00
655,01KWG95PDR6X1S8C8FP9BYTT0J,2024-03-23 20:05:22.7439831,G44,Phoenix,122,Assorted: Sterling Cross & Remington,"",2026-07-02 02:05:22.7445185+00:00,2026-07-02 02:05:22.7445204+00:00
656,01KWG95PDSD1XC7K8WX57JC8E0,2024-03-29 20:05:22.7447613,G44,Phoenix,100,Aguila 40 gr (black tip),Grouped the best,2026-07-02 02:05:22.7452692+00:00,2026-07-02 02:05:22.745271+00:00
657,01KWG95PDTSBEV728J2EAM4NZK,2024-03-29 20:05:22.7456681,G44,Phoenix,100,Aguila 40 gr (copper tip),"",2026-07-02 02:05:22.7461571+00:00,2026-07-02 02:05:22.7461589+00:00
658,01KWG95PDTSBEV728J2EAM4NZV,2024-04-21 20:05:22.7464169,Stevens 284Win B#2,CHAS,36,"162gr Hornady HPBT Moly; 49.7gr RL-19; 2.587"""" CBTO; WWW-Super ",True'd the MV at 882m,2026-07-02 02:05:22.746826+00:00,2026-07-02 02:05:22.7468278+00:00
659,01KWG95PDVC616W8CK55K8MVP2,2024-05-01 20:05:22.7470597,Stevens 284Win B#2,Home,0,N/A,Cleaning the barrel.,2026-07-02 02:05:22.7475092+00:00,2026-07-02 02:05:22.747511+00:00
660,01KWG95PDWAQA1DRR8BAYEAE4T,2024-05-03 20:05:22.7477464,Stevens 284Win B#2,SPFGA,32,"162gr Hornady HPBT Moly; 49.7gr RL-19; 2.587"""" CBTO; WWW-Super ",Shot a 70/75.  Groups were loose.  +4MOA @ the 300.,2026-07-02 02:05:22.7482096+00:00,2026-07-02 02:05:22.7482113+00:00
661,01KWG95PDWAQA1DRR8BAYEAE52,2024-05-14 20:05:22.7484777,Stevens 284Win B#2,SPFGA,42,162gr Hornady HPBT Moly; 49.7gr RL-19; various CBTO; WWW-Super. ,"Seating depth test.  Ended at 2.594"""", 14 loads with 0.003"""".  Shiity groups ",2026-07-02 02:05:22.7489828+00:00,2026-07-02 02:05:22.7489846+00:00
662,01KWG95PDZH766H8YQ14B0GGF5,2024-05-21 20:05:22.7495621,MRA Maverick .308,SPFGA,29,"165gr Barnes TTSX; OCW testing IMR-8208XBR; 2.845"""";Winchester Brass","OCW testing. Based on the results, and eyeballing the groups, I think that 41.2gr is about right.",2026-07-02 02:05:22.7512526+00:00,2026-07-02 02:05:22.7512552+00:00
663,01KWG95PE0QVRBEMF4Q1WNZ7V1,2024-06-14 20:05:22.7515948,MRA Maverick .308,SPFGA,20,147gr CamPro,Trying to zero the Spitfire.  Needs to go back,2026-07-02 02:05:22.752743+00:00,2026-07-02 02:05:22.7527455+00:00
664,01KWG95PE2NX93JAK1A5DE66BX,2024-06-14 20:05:22.7530625,MRA Maverick .308,SPFGA,10,"165gr Hornady Interbond, 38.2gr IMR-3031",Gathering MV.  Spitfire is kaput.,2026-07-02 02:05:22.7546545+00:00,2026-07-02 02:05:22.7546569+00:00
665,01KWG95PE4NJY1HK8XNR9B09S8,2024-06-14 20:05:22.7549883,MRA Maverick .308,SPFGA,8,"165gr Barnes TTSX, assorted IMR-3031",Was using this to help zero the Spitfire.,2026-07-02 02:05:22.7562619+00:00,2026-07-02 02:05:22.7562639+00:00
666,01KWG95PE7D5VD6NEC2T3HTME5,2024-06-09 20:05:22.7565744,Grey Birch 10/22,KGAC,40,Blaser,Dino was using my 10/22.  Extraction problems w/Blaser,2026-07-02 02:05:22.7599843+00:00,2026-07-02 02:05:22.7599871+00:00
667,01KWG95PE992TW51T3VY1FAJZE,2024-06-16 20:05:22.7603749,MRA Maverick .308,Phoenix,16,"165gr Hornady Interlock; 37.6gr IMR-3031;2.800"""" COAL;Federal Brass","1.25"""" high at 40 yards (3MOA?). That's about 3"""" high @ 100.",2026-07-02 02:05:22.7616275+00:00,2026-07-02 02:05:22.7616294+00:00
668,01KWG95PEENHYXDBV7F5YQ2Y8T,2024-08-13 20:05:22.7621652,Grey Birch 10/22,Phoenix,50,S&B Canadian Match,Grouped well and consistently,2026-07-02 02:05:22.7661669+00:00,2026-07-02 02:05:22.7661716+00:00
669,01KWG95PEJDNHVQ1VJ2N1XV84D,2024-08-13 20:05:22.7665984,Grey Birch 10/22,Phoenix,80,Aguila (black stuff),"Grouped okay, but not as good as the S&B",2026-07-02 02:05:22.7701238+00:00,2026-07-02 02:05:22.7701272+00:00
670,01KWG95PEKAYZ16X82NWP9AHPY,2024-08-29 20:05:22.7704391,MRA Renegade 6x45,SPFGA,23,Assorted 6x45 ,"Was trying to ladder test some 75gr w/BL-C(2), but the Labradar lost the data.",2026-07-02 02:05:22.7718718+00:00,2026-07-02 02:05:22.771875+00:00
671,01KWG95PENKQEE5JK6G4ASCKG6,2024-08-29 20:05:22.7721751,M96,SPFGA,20,"142gr SMK, 37.8gr D-4895, 2.62 CBTO",Calibrating the two big shot markers.,2026-07-02 02:05:22.773679+00:00,2026-07-02 02:05:22.7736808+00:00
672,01KWG95PEQXEDPENBYPCW2KT32,2024-09-04 20:05:22.7739507,MRA Renegade 6x45,SPFGA,12,"62gr Varmint Grenade, 26.75gr IMR XBR-8208","Velocity 2888.1fps, SD 28 fps, ES 93.8fps",2026-07-02 02:05:22.7750899+00:00,2026-07-02 02:05:22.7750916+00:00
673,01KWG95PER3Z001J3ENRGV3PZ0,2024-09-04 20:05:22.7753659,MRA Renegade 6x45,SPFGA,13,75gr Hornady V-Max.  Ladder testing ,"",2026-07-02 02:05:22.7765123+00:00,2026-07-02 02:05:22.776514+00:00
674,01KWG95PEXYDSQSC322ES1S63T,2024-09-04 20:05:22.7768292,Grey Birch 10/22,SPFGA,49,S&B Canadian Match,"Velocity  1144fps, SD 15fps, ES 82fps",2026-07-02 02:05:22.7811441+00:00,2026-07-02 02:05:22.7811483+00:00
675,01KWG95PF1KFME4EBY1M7RSNGR,2024-09-04 20:05:22.78165,Grey Birch 10/22,SPFGA,49,Aguila Super Extra 40gr (black tip,"Velocity 1092, SD 20.1fps, ES 75.4fps",2026-07-02 02:05:22.7854784+00:00,2026-07-02 02:05:22.7854824+00:00
676,01KWG95PF5P8C9125KMMHNHC3C,2024-09-04 20:05:22.7858382,Grey Birch 10/22,SPFGA,48,I think this was Aguila Super extra 40gr,"Velocity 1109, SD 32fps, ES 242.3fps",2026-07-02 02:05:22.7891368+00:00,2026-07-02 02:05:22.789139+00:00
677,01KWG95PF9CD38VV6H9K290RMT,2024-09-08 20:05:22.7895004,Grey Birch 10/22,SPFGA,49,Aguila Copper.,"Velocity 1247, SD 13.6, ES 60.4, +31C",2026-07-02 02:05:22.7931417+00:00,2026-07-02 02:05:22.7931448+00:00
678,01KWG95PFE229DX3JGQD3R3MVR,2024-09-08 20:05:22.7934992,Grey Birch 10/22,SPFGA,50,CCI SV,"Velocity 1087, SD 13.5, ES 55.3, +31C",2026-07-02 02:05:22.7986832+00:00,2026-07-02 02:05:22.7986879+00:00
679,01KWG95PFGSXHA54641HGF39MP,2024-09-08 20:05:22.799063,MRA Renegade 6x45,SPFGA,14,"62gr Varmint Grenade, 26.75gr IMR XBR-8208","Velocity 2920, SD 58.4, ES 58, +31C",2026-07-02 02:05:22.8005799+00:00,2026-07-02 02:05:22.8005827+00:00
680,01KWG95PFJ6AA860VTB3W2EHKR,2024-09-08 20:05:22.8010311,MRA Maverick .308,SPFGA,7,"165gr Hornady Interlock, 36?? IMR-3031","Velocity 2434, SD 12, ES 35. , +31C",2026-07-02 02:05:22.8023682+00:00,2026-07-02 02:05:22.8023711+00:00
681,01KWG95PFM3CH4652B3K3F4RBA,2024-09-08 20:05:22.8026273,MRA Maverick .308,SPFGA,15,"147gr CamPro, 45gr x-4895","Velocity 2697, SD 34.4, ES 146, , +31C",2026-07-02 02:05:22.8040337+00:00,2026-07-02 02:05:22.8040357+00:00
682,01KWG95PFPAQ0KNJDS5CCTC4TH,2024-09-08 20:05:22.8043103,M96,SPFGA,10,"142 SMK, 37.8gr D-4895, 2.26 CBTO","Velocity 2476, SD 17, ES49, +31C",2026-07-02 02:05:22.8061288+00:00,2026-07-02 02:05:22.8061313+00:00
683,01KWG95PFQ410X3E0VDC0MFYSJ,2024-09-28 20:05:22.8064794,MRA Maverick .308,SPFGA,19,"147gr CamPro, 45gr x-4895","Velocity 2718, SD 34, ES 107, +14.  Re-zeroed the Spitfire 3x after it """"fell off"""". Should be a 100m zero.",2026-07-02 02:05:22.8078275+00:00,2026-07-02 02:05:22.8078295+00:00
684,01KWG95PFTT5DKHG9K6A93EMTN,2024-09-28 20:05:22.8081213,Israeli 98k,SPFGA,10,"150gr Sierra SP, 47gr IMR-4895, .270 brass (Winchester)","Velocity 2596, SD 35 ES 111, +14. Poor groups, I'm guessing > 4MOA.",2026-07-02 02:05:22.8102204+00:00,2026-07-02 02:05:22.8102225+00:00
685,01KWG95PFYP9N2AVZKDFMRP8KY,2024-09-28 20:05:22.8105798,Israeli 98k,SPFGA,6,"150gr Sierra SP, 47gr IMR-4895, Norma brass","Velocity 2533, SD 40, ES 130, +14. Poor groups, I'm guessing > 4MOA.",2026-07-02 02:05:22.8149548+00:00,2026-07-02 02:05:22.8149609+00:00
686,01KWG95PG1D8AG9H0T2W5PJGBD,2024-09-28 20:05:22.8153682,Israeli 98k,SPFGA,9,"150gr Sierra SP, 47gr IMR-4895, S&B brass","Velocity 2524, SD 25, ES 87, +14. Poor groups, I'm guessing > 4MOA.",2026-07-02 02:05:22.8179255+00:00,2026-07-02 02:05:22.8179293+00:00
687,01KWG95PG4A9AZJMYCN3CNH9BK,2024-09-28 20:05:22.8183623,Israeli 98k,SPFGA,7,"150gr Sierra SP, 47gr IMR-4895, Assorted brass, mostly .270 Win (Federal)","Velocity 2603, SD 26, ES 92, +14. Poor groups, I'm guessing > 4MOA.",2026-07-02 02:05:22.8203548+00:00,2026-07-02 02:05:22.820357+00:00
688,01KWG95PG75KZ61DRW9MGTY864,2024-09-28 20:05:22.8207084,Israeli 98k,SPFGA,10,"195gr Hornady Interlock, 44gr IMR-4895, .270 brass (R*P)","Velocity 2414, SD 34, ES99, +14.  This shot the best, ~ 2MOA or so",2026-07-02 02:05:22.8231595+00:00,2026-07-02 02:05:22.8231621+00:00
689,01KWG95PGAH93ZV0M2BBYEGD0X,2024-10-02 20:05:22.8234856,Israeli 98k,SPFGA,5,198gr S&B Factory,"Velocity 2530, SD 13.7,. ES 32,",2026-07-02 02:05:22.8261596+00:00,2026-07-02 02:05:22.8261635+00:00
690,01KWG95PGE7KQG62NNDVHM08X5,2024-10-02 20:05:22.8265047,Israeli 98k,SPFGA,7,"Some 125gr, unknown powder","Velocity 2960, SD25.1. Just blowing these off.",2026-07-02 02:05:22.8300588+00:00,2026-07-02 02:05:22.8300635+00:00
691,01KWG95PGH6NTWJM1649KH1ZVF,2024-10-02 20:05:22.8304162,Israeli 98k,SPFGA,19,"195gr Hornady Interlock, 44gr IMR-4895","Velocity 2430, SD43.1",2026-07-02 02:05:22.8330841+00:00,2026-07-02 02:05:22.8330884+00:00
692,01KWG95PGMFTWXKSZV4PJCFBGB,2024-10-02 20:05:22.8334932,Israeli 98k,SPFGA,8,200gr Speer.  OWC testing StaBALL Match,"Really poor velocities, not much more than 2150 or so.  Gave up.",2026-07-02 02:05:22.8362246+00:00,2026-07-02 02:05:22.8362283+00:00
693,01KWG95PGN2EENFHWCCBDJ2NYB,2024-10-06 20:05:22.8366709,Tikka T3X CTR,SPFGA,17,"147gr Campro, 45gr X-4895","Velocitt 2806, SD39.6.  Zeroed the T3 @ 100m",2026-07-02 02:05:22.8370708+00:00,2026-07-02 02:05:22.837073+00:00
694,01KWG95PGN2EENFHWCCBDJ2NYK,2024-10-06 20:05:22.8373381,Tikka T3X CTR,SPFGA,5,"165gr Interlock, 37.6gr IMR-3031","Velocity 2444, SD21.2",2026-07-02 02:05:22.8377163+00:00,2026-07-02 02:05:22.837718+00:00
695,01KWG95PGRNKPQHGN3K3KAQV2Y,2024-10-02 20:05:22.8379749,Israeli 98k,SPFGA,5,"170gr Speer Spitz, 49.8gr X-4895","Velocity 2678, SD 17",2026-07-02 02:05:22.8409271+00:00,2026-07-02 02:05:22.8409306+00:00
696,01KWG95PGWXAXB6VMXDF23ZVGK,2024-10-02 20:05:22.8412988,Israeli 98k,SPFGA,15,"200gr Speer, 44.3gr X-4895. 3.109"""" COAL","Velocity 2343, SD 17.3",2026-07-02 02:05:22.844715+00:00,2026-07-02 02:05:22.8447202+00:00
697,01KWG95PGZ2QYZQXBVEVSWTDXM,2024-10-14 20:05:22.845178,Israeli 98k,SPFGA,5,"200gr Speer, 44.3gr X-4895. 3.109"""" COAL",Ringing the gong @ 200m,2026-07-02 02:05:22.8479587+00:00,2026-07-02 02:05:22.8479623+00:00
698,01KWG95PH2ZXQAHQ2K5G6VQ8R6,2024-10-14 20:05:22.8483439,MRA Renegade 6x45,SPFGA,10,"75gr V-MAX, 28.4gr BL-C(2)",I think the scope was still dialed for the 62gr Varmint Grenade,2026-07-02 02:05:22.8502471+00:00,2026-07-02 02:05:22.8502506+00:00
699,01KWG95PH2ZXQAHQ2K5G6VQ8RE,2024-10-14 20:05:22.8505626,Tikka T3X CTR,SPFGA,5,"147gr Campro, 45gr X-4895",Ringing the gong @ 200m,2026-07-02 02:05:22.8509836+00:00,2026-07-02 02:05:22.8509854+00:00
700,01KWG95PH4TZJB1X14TGZ1Q00F,2024-10-14 20:05:22.8512457,MRA Maverick .308,SPFGA,10,"147gr Campro, 45gr X-4895",Ringing the gong @ 200m,2026-07-02 02:05:22.8526616+00:00,2026-07-02 02:05:22.8526636+00:00
701,01KWG95PH604S3SCWKRP6T0V79,2024-10-20 20:05:22.8529284,MRA Renegade 6x45,SPFGA,15,"80gr Barnes TTSX, 23.0gr IMR-8208 XBR, 2.263"""" COAL.","Velocity 2472, SD18.7,ES 70fps. Rifle was zeroed for the 75gr.  Use the first subtension in the Strike Eagle",2026-07-02 02:05:22.854283+00:00,2026-07-02 02:05:22.8542851+00:00
702,01KWG95PH8PF3MMA5C0K7G5RT6,2024-10-20 20:05:22.8545579,MRA Renegade 6x45,SPFGA,15,75gr Hornady.  27.4gr BL-C(2),"Velocity 2801, SD14.3, ES58.1.  Did the 50-200 zero.",2026-07-02 02:05:22.8563044+00:00,2026-07-02 02:05:22.8563069+00:00
703,01KWG95PH9E8X5QV0R1MBR5VY2,2024-10-20 20:05:22.8565729,MRA Renegade 6x45,SPFGA,22,75gr Hornady.  27.2gr BL-C(2),"Velocity 2798, SD29.7, ES131.  Loaded on Dillon 550.  Did the 50-200 zero",2026-07-02 02:05:22.8579914+00:00,2026-07-02 02:05:22.8579934+00:00
704,01KWG95PHCXT63SN57N3G1B48P,2024-10-20 20:05:22.8582987,MRA Renegade 6x45,SPFGA,16,75gr Hornady.  27.2gr BL-C(2),"Velocity 2774, SD11.4, ES43.3. Autotrickler.  Did the 50-200 Zero",2026-07-02 02:05:22.8600307+00:00,2026-07-02 02:05:22.860033+00:00
705,01KWG95PHCXT63SN57N3G1B48Y,2024-11-05 20:05:22.8603578,G44,Phoenix,50,40gr Aguila?,"981fps, SD17, ES53",2026-07-02 02:05:22.8609762+00:00,2026-07-02 02:05:22.8609783+00:00
706,01KWG95PHDWFYZJND6VGVSFBWZ,2024-11-05 20:05:22.8612271,G44,Phoenix,100,CCI SV,875fps; SD13;ES72,2026-07-02 02:05:22.8618245+00:00,2026-07-02 02:05:22.8618264+00:00
707,01KWG95PHHVTCM1QW6BVPVJYPW,2024-11-05 20:05:22.8621282,G41,Phoenix,50,"230gr Campro, 4.6gr Bullseye",Zero'd for 15 yards. 739fps;SD26;ES104,2026-07-02 02:05:22.8652865+00:00,2026-07-02 02:05:22.8652895+00:00
708,01KWG95PHN97DTQ4DW2J17VQ9D,2024-11-05 20:05:22.8656282,G41,Phoenix,38,"230gr Campro, 4.5gr HP-38",580fps;SD24;ES102,2026-07-02 02:05:22.8691196+00:00,2026-07-02 02:05:22.8691226+00:00
709,01KWG95PHR2QFBSRCFFS8G9GYY,2024-11-08 20:05:22.8694449,G41,Phoenix,25,"230gr Campro, 4.5gr HP-38","587fps;SD46,7;ES159",2026-07-02 02:05:22.8725653+00:00,2026-07-02 02:05:22.8725681+00:00
710,01KWG95PHWXMKN7HQ86AF0CMBF,2024-11-08 20:05:22.8729504,G41,Phoenix,25,"230gr Campro, 4.2gr Bullseye",670fps;SD20;ES84,2026-07-02 02:05:22.8768105+00:00,2026-07-02 02:05:22.876815+00:00
711,01KWG95PJ068G6695D4SRZFD1C,2024-11-08 20:05:22.8772823,G41,Phoenix,50,"230gr Campro, I'm guessing around 4.2gr Bullseye",680fps;SD22;ES97,2026-07-02 02:05:22.8807503+00:00,2026-07-02 02:05:22.8807541+00:00
712,01KWG95PJ1F1ZJTXJYYCDK2A89,2024-11-08 20:05:22.8811085,G44,Phoenix,50,36gr Federal CPHP,1009fps;SD22;ES88,2026-07-02 02:05:22.881853+00:00,2026-07-02 02:05:22.8818549+00:00
713,01KWG95PJ4BPWNN0KTZR7GQAKY,2024-11-10 20:05:22.8821775,MRA Renegade 6x45,SPFGA,25,75gr Hornady.  27.2gr BL-C(2),2745fps;SD18;ES81. At 300M: +4MOA;1866fps;SD21;ES76;1.79MOA group;Mean Radius 0.56MOA,2026-07-02 02:05:22.8847025+00:00,2026-07-02 02:05:22.8847068+00:00
714,01KWG95PJ509938EQ99XWV2JZB,2024-11-10 20:05:22.8850601,Stevens 284Win B#2,SPFGA,17,Blowing off some 180gr. Lapua brass,2863fps;SD23;ES85.  At 300m: +3.625MOA; 2376fps;SD27;ES27. Mean Radius 0.22MOA,2026-07-02 02:05:22.8856902+00:00,2026-07-02 02:05:22.8856923+00:00
715,01KWG95PJ6BC6QQN6MZ3J3JXCC,2024-11-10 20:05:22.8859735,Stevens 284Win B#2,SPFGA,16,162gr Hornady Moly;56.16gr H4831;2.588CBTO;Lapua,2910fps; SD17; ES60. At 300m: +3.125MOA; 2282fps;SD14;ES53.1.01MOA;Mean Radius 0.31MOA,2026-07-02 02:05:22.8866037+00:00,2026-07-02 02:05:22.886606+00:00
716,01KWG95PJCZW44W98BS5P8MNTF,2024-11-14 20:05:22.8869235,G41,Phoenix,50,"230gr Campro, 4.2gr Bullseye","658fps;SD15;ES68. Adjusted sights up 1"""" @ 10 yards (1MOA)",2026-07-02 02:05:22.8920329+00:00,2026-07-02 02:05:22.8920416+00:00
717,01KWG95PJG8SYXKB6JZ00B7WQQ,2024-11-14 20:05:22.8926638,G41,Phoenix,30,"230gr Campro,8.5gr Blue Dot","784fps;SD38;ES179.  Felt """"thumpy""""",2026-07-02 02:05:22.896446+00:00,2026-07-02 02:05:22.8964503+00:00
718,01KWG95PJM636YV6QNMNGTDQ9M,2024-12-01 20:05:22.8968107,G41,Phoenix,30,"230gr Campro, 8.08gr Blue Dot",775fps.; SD24;ES109.  Not as thumpy,2026-07-02 02:05:22.9004653+00:00,2026-07-02 02:05:22.900469+00:00
719,01KWG95PJR27556JA6EE015AEV,2024-12-01 20:05:22.9009348,G41,Phoenix,30,"230gr Campro, 4.2gr Bullseye",689fps; SD37;ES161.  Seem pretty accurate at 45feet.,2026-07-02 02:05:22.9044823+00:00,2026-07-02 02:05:22.9044861+00:00
720,01KWG95PJVT5ZAMV7AF46S9D6S,2024-12-27 20:05:22.9053253,MRA Maverick .308,Phoenix,4,"147gr Campro, 45gr X-4895",Zero'd for 100m on their 40yard range.  Strike Eagle 1-8,2026-07-02 02:05:22.9074208+00:00,2026-07-02 02:05:22.9074245+00:00
721,01KWG95PJWNVVG3PS0SH4XCTHQ,2024-12-27 20:05:22.9077606,Tikka T3X CTR,Phoenix,9,"147gr Campro, 45gr X-4895",Zero'd for 200m on their 40 yard range.  Athlon.,2026-07-02 02:05:22.908328+00:00,2026-07-02 02:05:22.9083311+00:00
722,01KWG95PJX8H9NVK6AG17R8STE,2026-04-22 20:05:22.9086188,CZ-457,SPFGA,54,S&B Canadian Match,100m.  +2.0mil up and 0.3mil right for wind. 1180fps;SD13;ES73,2026-07-02 02:05:22.9090055+00:00,2026-07-02 02:05:22.9090074+00:00
723,01KWG95PJX8H9NVK6AG17R8STQ,2026-04-22 20:05:22.9093377,TM-22 Feather,SPFGA,8,CCI SV,Was trying to zero the Falke Reflex sight at 50m. Was hitting high ~40MOA and right ~40MOA. Didn't have the correct bit to make adjustments applied them when I got home.,2026-07-02 02:05:22.9097004+00:00,2026-07-02 02:05:22.9097026+00:00
724,01KWG95PJYZQK869TX4WXBJ4Q7,2026-01-16 20:05:22.9099896,CZ-457,Phoenix,50,Eley Club,1110fps. SD8. ES36,2026-07-02 02:05:22.9104153+00:00,2026-07-02 02:05:22.9104171+00:00
725,01KWG95PJZQCJK3F9EW6M242WJ,2026-01-16 20:05:22.9107322,CZ-457,Phoenix,50,Eley Club,1112fps. SD6. ES40,2026-07-02 02:05:22.9111475+00:00,2026-07-02 02:05:22.9111494+00:00
726,01KWG95PJZQCJK3F9EW6M242WT,2026-01-16 20:05:22.9114105,CZ-457,Phoenix,45,S&B Canadian Match,1179fps. SD13. ES40,2026-07-02 02:05:22.9119385+00:00,2026-07-02 02:05:22.9119403+00:00
727,01KWG95PK3EE78MJBGPGJYE605,2026-04-15 20:05:22.9121947,G41,CHAS,147,230gr CamPro;9.1gr Blue Dot,Steely-challenge match.  Scored last in Pistol Options (out of 10). Had almost two dozen rounds that didn't feed properly. Subsequent inspection showed that the rounds were a touch too long. Reseated the rounds.,2026-07-02 02:05:22.9158798+00:00,2026-07-02 02:05:22.9158835+00:00
728,01KWG95PK8MNVRY7GTVCWTVC01,2025-02-18 20:05:22.916336,Grey Birch 10/22,Phoenix,100,"Federal 36gr HP ""Black Pack""",Zeroed the Athlon at 36m.  1300fps,2026-07-02 02:05:22.9202433+00:00,2026-07-02 02:05:22.9202472+00:00
729,01KWG95PKDYFSWGBM5S3HTWZRB,2025-03-03 20:05:22.9207679,Grey Birch 10/22,Phoenix,100,40gr Aguila,"",2026-07-02 02:05:22.9254978+00:00,2026-07-02 02:05:22.9255021+00:00
730,01KWG95PKHBFB12PT8KRXJM6J4,2025-03-03 20:05:22.9258802,Grey Birch 10/22,Phoenix,50,CCI SV,"",2026-07-02 02:05:22.9298337+00:00,2026-07-02 02:05:22.929837+00:00
731,01KWG95PKJQCQKNQ3WNMMDW5F1,2025-04-05 20:05:22.9301905,Tikka T3X CTR,SPFGA,12,"147gr Campro, 45gr X-4895",Zero'd the Bushnell Elite 3200,2026-07-02 02:05:22.9307217+00:00,2026-07-02 02:05:22.9307237+00:00
732,01KWG95PKKCERTW5V2RJB8TW81,2025-04-27 20:05:22.9309992,Tikka T3X CTR,SPFGA,45,150gr Speer. IMR-3031.,Testing various loads,2026-07-02 02:05:22.9314822+00:00,2026-07-02 02:05:22.931484+00:00
733,01KWG95PKMJVGJP4K1R95Z31FZ,2026-05-05 20:05:22.9317406,TM-22 Feather,Phoenix,40,Aguila .22 Super Extra,Zeroed the Falke HWS at 40 yards,2026-07-02 02:05:22.9321027+00:00,2026-07-02 02:05:22.9321044+00:00
734,01KWG95PKN99JKQQYJFEQK1SJJ,2026-05-05 20:05:22.9323456,TM-22 Feather,Phoenix,45,CCI SV,"Comparing the CCI SV to the Aguila Super Extra.  Was impacting about 1MOA high, and 1MOA left.  Made some adjustments, but should confirm again.",2026-07-02 02:05:22.9331036+00:00,2026-07-02 02:05:22.9331068+00:00
735,01KWG95PKR6H9PRC1N77HD9ASS,2026-05-12 20:05:22.9336067,Israeli 98k,SPFGA,14,170gr Speer SP.  49.8gr X-4895,Trying to zero the Eotech @ 50m. POI was 2inches high and 3 inches right. Case head separation on the 14th round.,2026-07-02 02:05:22.9366346+00:00,2026-07-02 02:05:22.9366375+00:00
736,01KWG95PKTZ345YAWN2PDV6DBQ,2026-05-12 20:05:22.9376943,TM-22 Feather,SPFGA,80,40gr CCI SV,Zero'd the Falke at 50m,2026-07-02 02:05:22.9383677+00:00,2026-07-02 02:05:22.9383703+00:00
737,01KWG95PKVSMBKB7MWH325X1VQ,2026-05-12 20:05:22.9387224,CZ-457,SPFGA,60,40gr S&B Canadian match,Braeden & I shooting at 50m for un. Groups were within 1MOA.,2026-07-02 02:05:22.9392368+00:00,2026-07-02 02:05:22.9392387+00:00
738,01KWG95PKVSMBKB7MWH325X1W0,2026-05-12 20:05:22.9395079,Type 56 SKS,SPFGA,45,123gr surplus,Zero'd the Magwedge at 50m,2026-07-02 02:05:22.9398805+00:00,2026-07-02 02:05:22.9398822+00:00
739,01KWG95PKXF9P33NWTP0X7EPN5,2026-05-12 20:05:22.9401247,SKS,SPFGA,4,123gr surplus,Tried to zero the RDS at 50. Was incredibly high. I don't have enough depression for this Matador mount.  Need to swap it out.,2026-07-02 02:05:22.9416207+00:00,2026-07-02 02:05:22.9416225+00:00
740,01KWG95PKYYKNWQ32JH8FYM8QD,2026-05-16 20:05:22.9419362,TM-22 Feather,SPFGA,270,40gr CCI SV,SPFGA Rimfire Action Match.  Placed 6th out of 11.,2026-07-02 02:05:22.9424381+00:00,2026-07-02 02:05:22.9424398+00:00
741,01KWG95PKZQAPA8NBZSR8XYK8G,2026-05-16 20:05:22.9426719,TM-22 Feather,Home,0,N/A,Cleaned the receiver. Had to remove the Falke.  Will need to confirm zero.,2026-07-02 02:05:22.9431903+00:00,2026-07-02 02:05:22.943192+00:00
742,01KWG95PM0G314HD1TCTVS13P1,2026-05-21 20:05:22.9434412,TM-22 Feather,SPFGA,90,CCI SV,"Thursday night fun shoot. Didn't re-zero the Falke, but it did seem to be good enough. We're shooting high and to the right.",2026-07-02 02:05:22.9440945+00:00,2026-07-02 02:05:22.9440963+00:00
743,01KWG95PM0G314HD1TCTVS13P9,2026-05-22 20:05:22.9444011,Tikka T3X CTR,SPFGA,32,"178gr Hornady BTHP Match, 40.3gr IMR-3031",2540fps. SD 14fps. ES 66. Shooting at 300m.  Was +1.5Mil/-0.1Mil. The POA was about 1MOA higher than the point of impact.,2026-07-02 02:05:22.9449632+00:00,2026-07-02 02:05:22.9449649+00:00
744,01KWG95PM3KCD8XBFGKKA3Y9M3,2026-05-26 20:05:22.9451976,MRA Renegade 6x45,Home,0,N/A,Removed the Bushnell Elite 3200 10x. Put on the Strike Eagle 1-6x.,2026-07-02 02:05:22.9470712+00:00,2026-07-02 02:05:22.9470739+00:00
745,01KWG95PM3KCD8XBFGKKA3Y9MB,2026-05-29 20:05:22.9473909,CZ-457,SPFGA,50,SK Match,Shooting at 100m. 1286fps; SD 17.2fps; ES 85.6fps.  Groups were not that great. +28C.  Had about a half dozen fail-to-extract.,2026-07-02 02:05:22.9479172+00:00,2026-07-02 02:05:22.9479191+00:00
746,01KWG95PM4BN3N6H4P2TS9TXA3,2026-05-29 20:05:22.9482309,CZ-457,SPFGA,50,SK Match,Shooting at 100m. 1165fps; SD 14.3fps; ES 62.7fps. +28C. Dialed +2.0Mil up.,2026-07-02 02:05:22.9487984+00:00,2026-07-02 02:05:22.9488002+00:00
747,01KWG95PM6644JRNSN4BB5PH3R,2026-05-28 20:05:22.949179,TM-22 Feather,SPFGA,50,CCI SV,Just doing a rough 50m zero. 1081fps; SD 14.8fps; ES 62.4fps. +28C.,2026-07-02 02:05:22.95026+00:00,2026-07-02 02:05:22.9502638+00:00
748,01KWG95PM9CPHY8YYXKEA353F1,2026-05-28 20:05:22.9506388,Israeli 98k,SPFGA,10,170gr Speer SP; 49.8gr X-4895,2656fps; SD 15.9fps; ES 48.5fps. +28C.,2026-07-02 02:05:22.9538381+00:00,2026-07-02 02:05:22.9538418+00:00
749,01KWG95PMBQMCTMENBMJ04T65K,2026-05-28 20:05:22.9541841,MRA Renegade 6x45,SPFGA,26,"90gr Hornady ELD-X, 24.2gr BL-C(2)",2396fps; SD 22.4fps; ES 90.5fps. +28C.,2026-07-02 02:05:22.9558436+00:00,2026-07-02 02:05:22.9558456+00:00
750,01KWG95PMFQA0JATJY90C6E599,2026-05-28 20:05:22.9561849,Israeli 98k,SPFGA,14,150gr Speer SP; 49.8gr X-4895.  This was shooting way right of the 170gr load.,2595fps; SD 20.8fps; ES 72.1fps. +28C.,2026-07-02 02:05:22.9590741+00:00,2026-07-02 02:05:22.9590769+00:00
751,01KWG95PMGTKZ3P68MEGHY8SVD,2026-05-28 20:05:22.9594161,TM-22 Feather,SPFGA,130,CCI SV,SPFGA Steely Challenge at the Thursday Night Fun shoot. +28C.,2026-07-02 02:05:22.9600858+00:00,2026-07-02 02:05:22.9600877+00:00
752,01KWG95PMJDA6EAR01QRZW099N,2026-05-28 20:05:22.9604168,MRA Renegade 6x45,SPFGA,26,"90gr Hornady ELD-X, 24.2gr BL-C(2)",2396fps; SD 22.4fps; ES 90.5fps. +28C.,2026-07-02 02:05:22.9620904+00:00,2026-07-02 02:05:22.9620925+00:00
753,01KWG95PMJDA6EAR01QRZW099X,2026-05-29 20:05:22.9624279,Mapleseed 10/22 #1,SPFGA,120,CCI SV,25m zero and some rapid MQT.  Seems to still be about 2.5MOA left.,2026-07-02 02:05:22.9628314+00:00,2026-07-02 02:05:22.9628332+00:00
754,01KWG95PMQH3BXW7R2SNVJ97A4,2026-06-07 20:05:22.9630765,G41,CHAS,170,230gr Campro; 4.2gr Bullseye,CHAS 3-Gun BOA. Scored horribly,2026-07-02 02:05:22.9673595+00:00,2026-07-02 02:05:22.9673639+00:00
755,01KWG95PMRGKY68W9KRDT4B6SR,2026-06-07 20:05:22.9678005,TM-22 Feather,CHAS,265,CCI SV,CHAS 3-Gun BOA. Scored horribly,2026-07-02 02:05:22.9685664+00:00,2026-07-02 02:05:22.9685686+00:00
756,01KWG95PMYCC6RQRARKB0SW00M,2026-06-25 20:05:22.9688744,G41,SPFGA,90,"230gr Campro, 4.2gr Bullseye",Thursday night fun shoot w/Braeden.  Lost most of the brass.,2026-07-02 02:05:22.9747895+00:00,2026-07-02 02:05:22.974794+00:00
757,01KWG95PN0B4JNN1SPBEX17CGG,2026-06-25 20:05:22.9752152,TM-22 Feather,SPFGA,60,CCI SV,Thursday night fun shoot w/Braeden.,2026-07-02 02:05:22.9760368+00:00,2026-07-02 02:05:22.976039+00:00
758,01KWM3S303AT1EC4NYQSHP23CP,2026-07-02 07:48:04.3390444,G41,SPFGA,124,"230gr Campro, 4.2gr Bullseye",SPFGA Thursday night fun shoot.Lost all of the brass,2026-07-03 13:48:04.4842816+00:00,2026-07-03 13:48:04.485269+00:00
760,01KWM3Y3XTKZPX3V9RZ06V85HZ,2026-07-02 07:50:49.2671329,G17,SPFGA,230,125gr lead 9mm mystery ammo,Braeden shooting at the Thursday Fun Night.  Lost all of the brass.,2026-07-03 13:50:49.2740502+00:00,2026-07-03 13:50:49.2740638+00:00
761,01KWX6P1HS4SS45QPQ4F0ZV3VA,2026-07-06 20:32:00.3137883,CZ-457,SPFGA,135,"Federal 36gr HP ""Black Pack""","1383 fps, SD 19, ES 58.  Mapleseed, shot a 218.",2026-07-06 02:32:00.4303675+00:00,2026-07-06 02:32:00.431161+00:00
762,01KWTME1S45SXWYF04999KBNPQ,2026-07-03 20:34:35.0782336,MRA Maverick .308,SPFGA,3,"178gr Hornady HPBT, 40.3gr IMR-3031","2438 fps, SD 15, ES 36.  Blowing off some of the Tikka amo that wouldn't chamber",2026-07-06 02:34:35.1735022+00:00,2026-07-06 02:34:35.1742879+00:00
763,01KWTMJDV355JZ4C0BK15ZTHYB,2026-07-03 20:36:58.5875215,Tikka T3X CTR,SPFGA,5,"178gr Hornady HPBT. 2524 fps.  SD 20, ES 6.  ",300m practicing.  Was shooting around 0.22mil groups,2026-07-06 02:36:58.5957539+00:00,2026-07-06 02:36:58.5957815+00:00
764,01KWTMQWG2PE4RR72C383SRS5S,2026-07-03 20:39:57.4384118,Tikka T3X CTR,SPFGA,35,"178gr Hornady HPBT, 40.5gr IMR-3031","2662 fps, SD 9, ES 32.  Shooting at 300m.  Groups were around 0.22mil.  +1.5mil ",2026-07-06 02:39:57.4422088+00:00,2026-07-06 02:39:57.4422205+00:00
765,01KXSJW8RAK0CSY18M2KMS5RTS,2026-07-17 21:03:51.3067397,G17,SPFGA,91,9mm lead handloads,Thursday night fun shoot,2026-07-17 03:03:51.4215887+00:00,2026-07-17 03:03:51.4224433+00:00
766,01KXSJX8F0A688WSMTHBGAY6CC,2026-07-17 21:04:23.7768695,TM-22 Feather,SPFGA,29,CCI SV,Thursday night fun shoot,2026-07-17 03:04:23.7830516+00:00,2026-07-17 03:04:23.7830757+00:00
767,01KYGT0SSJ1R5BPNYVYPY83V10,2026-07-26 21:31:11.794232,CZ-457,Phoenix,50,S&B Canadian Match,Mounted the scope a bit further forward. Rezero'd. MV 1145; SD 52; ES 13.5,2026-07-27 03:31:11.7959499+00:00,2026-07-27 03:31:11.81259+00:00
768,01KYGT479WK0QTZDWY2FYFSNKX,2026-07-26 21:33:03.9321402,CZ-457,Phoenix,20,Federal 36gr HP Black Pack,Shoots 0.4mil high compared to the S&B. MV 1374; SD 67; ES 18,2026-07-27 03:33:03.9338747+00:00,2026-07-27 03:33:03.9502484+00:00
769,01KYGT7DD7K8KAWGVFVCZ6E839,2026-07-26 21:34:48.4872881,CZ-457,Phoenix,1,RWS Target Rifle,This ammunition does not reliably extract. MV 1097,2026-07-27 03:34:48.4889848+00:00,2026-07-27 03:34:48.5058045+00:00
770,01KYWDSS3WBD940CRG2DW5V1YJ,2026-07-31 09:48:31.9969947,TM-22 Feather,SPFGA,200,CCI SV,Thursday night fun shoot. Shared the rifle with Adam and a newcomer (Merrin).,2026-07-31 15:48:31.998543+00:00,2026-07-31 15:48:32.0195483+00:00
771,01M0GWCNX6EYQNTE6FFEQ1TDQK,2026-08-20 18:44:01.830574,G44,SPFGA,180,CCI SV,Club ISSF match.  Scored 144 and 141,2026-08-23 00:44:01.831935+00:00,2026-08-23 00:44:01.842696+00:00
772,01M0GWFYVYZDKM95MC1YZWM8FZ,2026-08-20 18:45:49.310781,G41,SPFGA,30,230gr Campro; 4.2gr Bullseye.,Club ISSF match.  Scored 58.  One stoppage.,2026-08-23 00:45:49.312133+00:00,2026-08-23 00:45:49.322003+00:00
773,01M0GWGMEXKSMMTBCH4T5TEEVN,2026-08-20 18:46:11.421121,G41,SPFGA,30,230gr Campro; 4.2gr Bullseye.,Club ISSF match.  Scored 58.  One stoppage.,2026-08-23 00:46:11.422469+00:00,2026-08-23 00:46:11.432248+00:00
774,01M0P4B768NAS5XFWXMS29AKAY,2026-08-20 19:40:15.708405,G41,SPFGA,30,"230gr Campro, 4.2gr Bullseye",Trying the G41 for ISSF. Scored a 56.  One stoppage.,2026-08-23 01:40:15.709537+00:00,2026-08-23 01:40:15.710671+00:00
775,FAKEID1,2026-08-27 16:30:00.0000000,Israeli 98k,SPFGA,15,"200gr Speer; 44.3gr D-4895; 3.109 COAL ","Zeroing the Venoming RDS. 1.94MOA Mean Radius. 2370fps; ES 92; SD 31. +30 Celsius;54% humidity;922 mb",2026-08-27 16:30:00.0000000+00:00,2026-08-27 16:30:00.0000000+00:00
776,FAKEID2,2026-08-27 16:31:00.0000000,Tikka T3 Lite,SPFGA,5,"123gr Hornady ELD-M. ","Ladder testing some N560. +30 Celsius;54% humidity;922 mb. 46.3gr @ 2665fps; 46.6gr @ 2655fps; 46.9gr @ 2702fps; 47.2gr @ 2732fps; 47.5gr @ 2725fps.",2026-08-27 16:31:00.0000000+00:00,2026-08-27 16:31:00.0000000+00:00
777,FAKEID3,2026-08-27 16:33:00.0000000,Tikka T3 Lite,SPFGA,13,"143gr Hornady ELD-X; 37gr IMR-4064. ","Ammo I got when I bought the rifle.. +30 Celsius;54% humidity;922 mb. 2486fps; ES 57; SD 17",2026-08-27 16:33:00.0000000+00:00,2026-08-27 16:33:00.0000000+00:00
778,FAKEID4,2026-08-27 16:34:00.0000000,Tikka T3 Lite,SPFGA,10,"142gr Sierra SMK; 37.6gr D-4895; 2.620 CBTO","+30 Celsius;54% humidity;922 mb. 2562fps; ES 67; SD 21",2026-08-27 16:34:00.0000000+00:00,2026-08-27 16:34:00.0000000+00:00